outs,r1,r2,r3,to_outs,to_r1,to_r2,to_r3,runs,n
1,1,0,1,2,1,0,0,1,1390
1,0,0,1,2,0,0,0,1,1171
1,0,1,0,1,0,1,0,1,970
1,0,1,0,2,0,0,1,0,3683
1,0,1,1,1,1,1,1,0,771
1,1,1,1,1,1,1,0,2,265
0,1,0,0,0,0,1,1,0,1632
0,0,1,1,1,0,1,0,1,209
1,1,0,1,2,1,1,0,0,129
2,0,1,0,2,1,0,1,0,872
1,0,1,1,3,0,0,0,0,80
1,0,0,1,1,1,0,1,0,572
1,1,0,0,1,0,0,0,2,1905
1,1,0,1,1,1,1,1,0,748
1,1,1,0,2,0,1,0,1,127
1,1,1,0,2,0,0,1,1,107
1,1,0,1,1,0,0,0,3,235
0,0,1,1,0,0,0,0,3,78
1,0,1,1,2,1,0,1,0,161
2,1,1,1,2,0,1,1,2,221
0,1,1,0,2,1,0,0,0,105
0,0,0,1,0,0,1,0,1,64
2,1,1,1,3,0,0,0,2,69
2,1,1,1,2,1,0,0,3,19
1,1,1,0,2,0,0,0,2,18
0,1,1,0,0,1,0,0,2,19
0,1,1,0,3,0,0,0,0,19
2,1,0,1,3,0,0,0,2,27
0,1,0,1,0,1,0,0,2,7
0,1,1,1,2,1,0,0,1,10
1,1,1,1,2,0,0,0,3,4
0,0,1,1,2,0,0,0,1,5
1,1,1,1,3,0,0,0,4,1
0,0,0,0,2,0,0,0,0,1
2,0,1,1,2,0,1,1,1,2
2,1,1,0,3,0,0,0,0,16965
0,0,0,0,1,0,0,0,0,139015
1,0,0,0,2,0,0,0,0,102187
2,0,0,0,3,0,0,0,0,81840
0,1,0,0,0,1,0,1,0,1955
1,1,1,0,3,0,0,0,0,2463
1,1,0,0,1,1,0,1,0,2572
1,1,0,0,1,1,0,0,1,257
1,0,1,1,1,1,0,1,1,475
0,0,0,0,0,0,1,0,0,9477
1,1,1,0,1,1,1,1,0,3150
2,0,0,1,2,0,0,0,2,277
1,1,1,0,1,0,0,0,3,640
2,0,0,1,2,1,0,0,1,1340
1,1,0,0,1,0,1,0,1,906
1,1,1,0,1,0,1,0,2,314
1,0,1,0,3,0,0,0,0,269
1,0,0,1,2,0,0,1,0,1942
2,1,1,0,2,0,1,1,1,613
0,0,1,0,0,1,0,1,0,1096
0,0,1,1,0,1,1,1,0,248
0,0,1,1,1,0,1,1,0,966
1,0,0,1,2,0,1,0,0,27
2,0,1,1,2,1,0,0,2,546
0,1,1,1,2,1,1,0,0,10
0,1,1,1,0,1,1,0,2,123
2,1,1,0,2,1,0,1,1,1253
2,0,0,1,3,0,0,0,1,138
1,1,1,1,2,0,1,1,1,369
2,1,0,1,2,0,1,1,1,240
0,1,0,1,1,0,0,1,1,46
1,1,0,1,3,0,0,0,1,88
2,1,1,1,2,0,1,0,3,227
2,0,1,0,3,0,0,0,1,205
0,0,0,1,0,0,0,1,1,10
0,1,1,1,0,0,0,1,3,19
0,0,1,1,0,0,0,1,2,11
0,0,0,1,1,0,1,0,0,1
0,1,1,1,3,0,0,0,2,1
0,0,0,0,0,1,0,0,0,47161
1,1,0,0,2,0,1,0,0,5307
0,1,0,1,2,0,0,0,1,231
1,1,0,0,1,1,1,0,0,11637
1,1,0,1,1,1,1,0,1,1141
1,1,0,0,1,0,1,1,0,1777
2,1,0,1,3,0,0,0,0,8061
2,1,1,1,3,0,0,0,0,5799
0,0,0,0,0,0,0,1,0,891
0,0,0,1,1,0,0,0,1,277
0,0,1,0,1,0,0,1,0,2529
2,1,1,0,2,0,0,0,3,719
0,1,1,1,1,1,1,1,0,1114
2,1,1,1,2,1,1,0,2,354
1,1,1,0,2,0,1,1,0,1331
1,0,1,0,2,0,0,0,1,246
0,1,0,0,0,0,0,0,2,1561
1,1,0,1,2,0,1,0,1,629
0,1,1,0,0,0,1,1,1,469
0,1,1,1,1,0,0,1,2,15
2,0,1,1,2,0,1,0,2,288
2,1,0,1,2,0,0,1,2,61
0,0,1,0,0,0,0,1,1,48
2,1,0,1,2,0,1,0,2,314
1,1,0,1,1,0,0,1,2,49
0,0,1,1,0,0,1,0,2,135
0,1,1,0,0,0,0,0,3,387
0,1,1,0,0,0,0,1,2,56
0,1,0,1,0,0,1,0,2,61
1,1,0,1,2,0,0,0,2,14
1,0,1,1,2,0,0,0,2,38
1,1,1,1,3,0,0,0,1,53
0,1,1,0,1,0,0,0,2,8
0,0,0,0,0,1,1,0,0,5
0,0,1,1,1,1,1,0,0,15
0,1,1,0,2,0,0,0,1,3
0,1,1,1,0,1,0,0,3,1
1,1,0,0,2,1,0,0,0,26199
2,0,0,0,2,0,0,0,1,3590
1,1,1,0,2,1,1,0,0,7880
1,1,0,0,2,0,0,1,0,859
2,1,1,0,2,0,1,0,2,665
0,1,0,1,1,0,1,0,1,234
2,0,1,1,2,1,1,1,0,906
0,1,0,0,2,0,0,0,0,5572
2,0,0,0,2,0,0,1,0,398
2,1,0,0,2,0,0,1,1,351
0,1,1,0,1,1,1,0,0,4184
1,1,1,0,2,1,0,1,0,1972
1,0,1,1,2,0,1,1,0,1743
2,0,1,1,3,0,0,0,0,3854
0,1,0,0,0,1,0,0,1,148
0,1,0,0,1,0,0,1,0,698
0,1,1,1,2,0,0,1,1,180
2,1,0,1,2,1,1,1,0,1242
2,0,0,1,2,0,0,1,1,39
0,1,1,1,1,0,1,1,1,178
0,1,0,1,1,1,0,1,0,1043
0,1,0,1,0,0,1,1,1,142
0,0,1,0,1,1,0,0,0,128
2,1,1,1,2,1,0,1,2,444
1,0,1,0,2,1,0,0,0,210
0,1,0,1,1,0,1,1,0,186
0,0,1,0,0,0,0,0,2,301
1,1,1,1,1,0,0,0,4,192
0,0,1,1,1,0,0,0,2,11
0,0,1,1,0,1,0,1,1,219
0,0,0,1,0,0,0,0,2,41
1,0,0,1,1,0,0,1,1,22
0,1,0,1,0,0,0,1,2,25
2,1,1,1,2,0,0,1,3,57
2,1,0,0,3,0,0,0,1,78
1,0,1,1,2,1,0,0,1,25
0,1,1,1,1,0,1,0,2,8
0,0,1,1,2,0,0,1,0,11
1,1,1,0,1,1,0,0,2,43
1,1,1,1,2,0,1,0,2,40
1,1,0,1,1,1,0,0,2,54
0,0,1,1,0,0,1,1,1,12
0,1,0,1,2,0,1,0,0,16
2,1,0,1,3,0,0,0,3,1
0,1,1,1,2,0,1,0,1,12
0,0,0,0,3,0,0,0,0,1
2,1,1,1,3,0,0,0,3,5
1,0,0,1,1,1,0,0,1,1062
0,0,0,0,0,0,0,0,1,6797
0,0,1,0,1,0,1,0,0,4588
1,0,1,0,1,1,0,1,0,1351
1,1,1,1,2,1,1,1,0,2219
0,1,0,1,0,0,0,0,3,135
0,1,0,0,0,1,1,0,0,9550
0,1,1,0,0,1,1,1,0,2090
1,0,1,0,1,1,1,0,0,2092
1,1,1,0,1,1,0,1,1,706
1,0,0,1,1,0,0,0,2,151
2,1,1,1,2,0,0,0,4,297
2,1,0,0,2,0,1,1,0,1188
2,1,1,0,2,0,0,1,2,171
0,1,0,1,0,1,0,1,1,182
1,0,1,1,2,0,1,0,1,493
0,1,1,0,1,0,1,1,0,1142
2,0,0,1,2,0,1,0,1,460
2,1,0,1,2,1,1,0,1,1052
0,1,1,0,1,1,0,1,0,1234
1,1,1,1,1,1,0,1,2,207
0,1,1,0,0,1,1,0,1,419
0,1,1,0,0,1,0,1,1,302
0,0,1,0,0,0,1,1,0,69
0,1,0,0,1,0,0,0,1,90
1,1,0,0,2,0,0,0,1,134
1,0,1,0,1,0,0,1,1,88
0,1,1,0,2,0,1,0,0,108
2,1,1,0,2,1,0,0,2,59
0,0,0,1,2,0,0,0,0,7
0,1,1,1,2,0,1,1,0,57
0,1,1,0,1,0,1,0,1,44
1,0,0,1,3,0,0,0,0,69
1,0,1,1,3,0,0,0,1,20
0,1,0,1,3,0,0,0,0,3
1,1,1,1,3,0,0,0,2,1
0,1,1,0,3,0,0,0,1,1
1,0,0,0,1,0,1,0,0,6558
2,1,0,0,2,0,1,0,1,1431
1,0,1,1,2,0,0,1,1,816
0,1,0,1,1,1,1,0,0,68
2,0,1,0,2,1,1,0,0,3073
2,1,1,0,2,1,1,1,0,3280
0,0,0,1,0,1,0,1,0,115
2,0,1,0,2,0,1,0,1,1320
0,1,0,0,1,0,1,0,0,4432
0,0,1,0,0,1,0,0,1,604
1,1,1,0,1,0,1,1,1,690
1,1,1,0,1,0,0,1,2,92
1,1,0,1,1,1,0,1,1,357
0,1,1,1,0,0,1,1,2,126
1,1,0,0,1,0,0,1,1,321
1,1,0,1,2,0,0,1,1,115
0,0,1,1,1,0,0,1,1,348
1,1,1,0,1,1,1,0,1,833
0,0,1,0,0,1,1,0,0,1126
1,0,1,1,1,0,1,1,1,26
1,1,1,1,3,0,0,0,0,738
2,1,0,1,3,0,0,0,1,241
2,1,1,1,3,0,0,0,1,155
0,1,1,0,1,0,0,1,1,53
1,1,1,1,1,0,1,1,2,298
2,0,1,1,2,1,0,1,1,191
1,1,0,1,1,0,1,0,2,126
0,0,1,0,1,0,0,0,1,69
0,1,1,0,0,0,1,0,2,148
2,0,1,1,2,1,1,0,1,4
2,0,1,1,2,0,0,1,2,28
1,0,1,1,2,1,1,0,0,66
0,0,1,1,0,1,1,0,1,20
0,1,0,1,2,1,0,0,0,16
1,1,1,1,1,1,0,0,3,9
0,0,0,0,1,0,1,0,0,16
0,0,0,0,0,1,0,0,1,4
0,0,1,1,1,1,0,0,1,9
1,0,1,0,1,1,0,0,1,1268
2,1,0,0,2,1,1,0,0,10831
1,0,0,0,1,1,0,0,0,33975
2,0,0,0,2,1,0,0,0,26695
2,1,0,0,3,0,0,0,0,40645
1,0,0,0,1,0,0,1,0,588
2,0,0,1,2,1,0,1,0,1214
1,1,0,1,2,1,0,1,0,2073
1,1,1,1,2,1,1,0,1,531
2,0,0,0,2,0,1,0,0,5137
1,1,0,1,1,0,1,1,1,304
2,1,1,0,2,1,1,0,1,953
0,1,0,1,0,1,1,0,1,543
2,1,0,1,2,0,0,0,3,350
1,1,1,1,2,1,0,1,1,651
2,0,1,0,2,0,0,0,2,734
2,1,0,0,2,1,0,0,1,449
0,1,0,1,2,0,0,1,0,46
0,1,0,0,0,0,0,1,1,223
2,1,1,0,3,0,0,0,2,23
2,0,1,1,3,0,0,0,1,87
1,1,1,1,2,1,0,0,2,17
2,0,1,0,2,0,0,1,1,116
0,1,1,0,1,1,0,0,1,35
1,0,1,0,1,0,1,1,0,53
0,1,1,1,0,0,1,0,3,43
0,0,1,1,2,0,1,0,0,9
0,1,1,1,2,1,0,1,0,16
2,0,1,0,2,0,1,1,0,8
1,0,0,0,3,0,0,0,1,1
1,0,1,1,1,0,0,1,2,23
0,0,0,1,1,1,0,0,0,6
0,0,0,0,1,0,0,1,0,3
0,0,0,0,3,0,0,0,1,1
0,1,0,0,1,1,0,0,0,21726
1,1,0,0,3,0,0,0,0,7758
2,0,1,0,3,0,0,0,0,16423
1,1,0,1,3,0,0,0,0,1071
2,0,0,1,3,0,0,0,0,6493
1,0,1,0,2,0,1,0,0,8348
1,1,0,1,2,0,1,1,0,343
2,1,0,0,2,1,0,1,0,2863
0,1,0,1,1,1,0,0,1,673
1,0,1,1,1,0,1,0,2,328
1,0,0,0,1,0,0,0,1,4519
2,0,1,0,2,1,0,0,1,2207
1,0,0,1,2,1,0,0,0,165
2,1,0,0,2,0,0,0,2,1826
0,1,1,1,0,1,1,1,1,520
1,1,1,1,1,1,1,1,1,1060
1,1,1,1,1,0,1,0,3,113
0,1,0,0,0,0,1,0,1,692
0,1,0,1,0,1,1,1,0,298
2,0,1,1,2,0,0,0,3,174
2,1,1,1,2,1,1,1,1,1095
2,1,1,0,3,0,0,0,1,182
0,1,1,1,1,1,0,1,1,324
0,1,1,1,1,1,1,0,1,199
0,0,0,1,1,0,0,1,0,545
0,0,0,1,0,1,0,0,1,217
0,1,1,1,0,0,0,0,4,94
1,0,1,1,1,1,0,0,2,375
1,0,0,1,1,0,1,0,1,292
1,0,1,0,1,0,0,0,2,561
0,0,1,0,0,0,1,0,1,507
0,1,1,0,2,0,0,1,0,959
2,1,0,1,2,1,0,1,1,552
2,1,0,1,2,1,0,0,2,121
1,1,1,0,2,1,0,0,1,89
0,0,1,1,0,1,0,0,2,119
1,0,1,1,1,0,0,0,3,145
0,1,1,1,0,1,0,1,2,90
2,0,1,1,3,0,0,0,2,35
0,0,1,0,2,0,0,0,0,63
1,1,1,1,2,0,0,1,2,22
0,1,1,0,3,0,0,0,3,1
0,0,1,1,1,1,0,1,0,25
1,0,1,1,1,1,1,0,1,35
1,1,1,1,1,0,0,1,3,53
1,1,1,0,3,0,0,0,1,14
0,1,1,1,1,1,0,0,2,12
0,0,0,0,0,0,1,0,1,1
0,0,0,0,0,1,0,1,0,2
0,1,1,1,1,0,0,0,3,4
0,1,0,1,1,0,0,0,2,6
2,0,0,0,3,0,0,0,1,1
0,1,0,0,3,0,0,0,2,1
