steal,inning,half,batting_score_diff,outs,hold_we,success_we,caught_we,we_break_even_success,elite_90_we_gain,primary_success_probability,max_replacement_cost_wpa,adverse_battery_success_probability,adverse_battery_we_gain,re_break_even_success,elite_90_run_gain,max_replacement_cost_ubr_runs,max_replacement_cost_war,worth_before_replacement_cost
1B_to_2B,1,top,-3,0,0.212579,0.236581,0.152392,0.714906,0.015583,0.931467,0.018232,0.900000,0.015583,0.728116,0.150082,0.177557,0.018125,True
1B_to_2B,1,top,-3,1,0.177066,0.192709,0.136717,0.720613,0.010044,0.931467,0.011806,0.900000,0.010044,0.724120,0.104202,0.122845,0.012540,True
1B_to_2B,1,top,-3,2,0.148805,0.158771,0.126743,0.688838,0.006763,0.931467,0.007771,0.900000,0.006763,0.701135,0.066166,0.076636,0.007823,True
1B_to_2B,1,top,-2,0,0.313107,0.330246,0.253864,0.775624,0.009500,0.931467,0.011904,0.900000,0.009500,0.728116,0.150082,0.177557,0.018125,True
1B_to_2B,1,top,-2,1,0.279088,0.289490,0.239750,0.790866,0.005428,0.931467,0.006993,0.900000,0.005428,0.724120,0.104202,0.122845,0.012540,True
1B_to_2B,1,top,-2,2,0.252215,0.258332,0.231528,0.771775,0.003437,0.931467,0.004280,0.900000,0.003437,0.701135,0.066166,0.076636,0.007823,True
1B_to_2B,1,top,-1,0,0.396030,0.424599,0.324709,0.713995,0.018580,0.931467,0.021723,0.900000,0.018580,0.728116,0.150082,0.177557,0.018125,True
1B_to_2B,1,top,-1,1,0.355147,0.373844,0.305584,0.726095,0.011871,0.931467,0.014019,0.900000,0.011871,0.724120,0.104202,0.122845,0.012540,True
1B_to_2B,1,top,-1,2,0.321150,0.332954,0.293230,0.702848,0.007832,0.931467,0.009082,0.900000,0.007832,0.701135,0.066166,0.076636,0.007823,True
1B_to_2B,1,top,0,0,0.510075,0.536925,0.446281,0.703779,0.017786,0.931467,0.020638,0.900000,0.017786,0.728116,0.150082,0.177557,0.018125,True
1B_to_2B,1,top,0,1,0.473732,0.491471,0.428737,0.717232,0.011466,0.931467,0.013440,0.900000,0.011466,0.724120,0.104202,0.122845,0.012540,True
1B_to_2B,1,top,0,2,0.442947,0.454217,0.417210,0.695457,0.007570,0.931467,0.008734,0.900000,0.007570,0.701135,0.066166,0.076636,0.007823,True
1B_to_2B,1,top,1,0,0.613704,0.637119,0.561026,0.692280,0.015806,0.931467,0.018200,0.900000,0.015806,0.728116,0.150082,0.177557,0.018125,True
1B_to_2B,1,top,1,1,0.584077,0.599714,0.546044,0.708645,0.010270,0.931467,0.011959,0.900000,0.010270,0.724120,0.104202,0.122845,0.012540,True
1B_to_2B,1,top,1,2,0.558261,0.568241,0.535983,0.690618,0.006754,0.931467,0.007769,0.900000,0.006754,0.701135,0.066166,0.076636,0.007823,True
1B_to_2B,1,top,2,0,0.699932,0.719975,0.661669,0.656241,0.014212,0.931467,0.016047,0.900000,0.014212,0.728116,0.150082,0.177557,0.018125,True
1B_to_2B,1,top,2,1,0.678659,0.692401,0.649868,0.676906,0.009489,0.931467,0.010827,0.900000,0.009489,0.724120,0.104202,0.122845,0.012540,True
1B_to_2B,1,top,2,2,0.659270,0.668202,0.641485,0.665659,0.006261,0.931467,0.007101,0.900000,0.006261,0.701135,0.066166,0.076636,0.007823,True
1B_to_2B,1,top,3,0,0.766349,0.780761,0.748957,0.546863,0.011231,0.931467,0.012232,0.900000,0.011231,0.728116,0.150082,0.177557,0.018125,True
1B_to_2B,1,top,3,1,0.756189,0.766544,0.742400,0.571120,0.007940,0.931467,0.008700,0.900000,0.007940,0.724120,0.104202,0.122845,0.012540,True
1B_to_2B,1,top,3,2,0.746546,0.753611,0.737152,0.570762,0.005419,0.931467,0.005937,0.900000,0.005419,0.701135,0.066166,0.076636,0.007823,True
1B_to_2B,1,bottom,-3,0,0.285859,0.313005,0.217634,0.715371,0.017608,0.931467,0.020610,0.900000,0.017608,0.728116,0.150082,0.177557,0.018125,True
1B_to_2B,1,bottom,-3,1,0.245932,0.263634,0.199741,0.722939,0.011313,0.931467,0.013323,0.900000,0.011313,0.724120,0.104202,0.122845,0.012540,True
1B_to_2B,1,bottom,-3,2,0.213783,0.225025,0.188316,0.693768,0.007571,0.931467,0.008726,0.900000,0.007571,0.701135,0.066166,0.076636,0.007823,True
1B_to_2B,1,bottom,-2,0,0.398236,0.419571,0.332580,0.754745,0.012636,0.931467,0.015373,0.900000,0.012636,0.728116,0.150082,0.177557,0.018125,True
1B_to_2B,1,bottom,-2,1,0.360593,0.373947,0.316291,0.768389,0.007588,0.931467,0.009403,0.900000,0.007588,0.724120,0.104202,0.122845,0.012540,True
1B_to_2B,1,bottom,-2,2,0.330327,0.338413,0.306429,0.747169,0.004888,0.931467,0.005894,0.900000,0.004888,0.701135,0.066166,0.076636,0.007823,True
1B_to_2B,1,bottom,-1,0,0.494006,0.523998,0.421862,0.706350,0.019779,0.931467,0.022992,0.900000,0.019779,0.728116,0.150082,0.177557,0.018125,True
1B_to_2B,1,bottom,-1,1,0.452546,0.472302,0.402275,0.717873,0.012754,0.931467,0.014957,0.900000,0.012754,0.724120,0.104202,0.122845,0.012540,True
1B_to_2B,1,bottom,-1,2,0.417970,0.430531,0.389494,0.693912,0.008457,0.931467,0.009749,0.900000,0.008457,0.701135,0.066166,0.076636,0.007823,True
1B_to_2B,1,bottom,0,0,0.612054,0.637036,0.549710,0.713919,0.016250,0.931467,0.018997,0.900000,0.016250,0.728116,0.150082,0.177557,0.018125,True
1B_to_2B,1,bottom,0,1,0.576778,0.593160,0.532786,0.728657,0.010345,0.931467,0.012244,0.900000,0.010345,0.724120,0.104202,0.122845,0.012540,True
1B_to_2B,1,bottom,0,2,0.546923,0.557218,0.521766,0.709601,0.006750,0.931467,0.007865,0.900000,0.006750,0.701135,0.066166,0.076636,0.007823,True
1B_to_2B,1,bottom,1,0,0.709388,0.736145,0.656388,0.664522,0.018781,0.931467,0.021291,0.900000,0.018781,0.728116,0.150082,0.177557,0.018125,True
1B_to_2B,1,bottom,1,1,0.678915,0.697108,0.640748,0.677208,0.012557,0.931467,0.014330,0.900000,0.012557,0.724120,0.104202,0.122845,0.012540,True
1B_to_2B,1,bottom,1,2,0.652607,0.664480,0.629892,0.656733,0.008414,0.931467,0.009503,0.900000,0.008414,0.701135,0.066166,0.076636,0.007823,True
1B_to_2B,1,bottom,2,0,0.804362,0.818946,0.771976,0.689508,0.009887,0.931467,0.011365,0.900000,0.009887,0.728116,0.150082,0.177557,0.018125,True
1B_to_2B,1,bottom,2,1,0.785722,0.795465,0.762895,0.700857,0.006486,0.931467,0.007511,0.900000,0.006486,0.724120,0.104202,0.122845,0.012540,True
1B_to_2B,1,bottom,2,2,0.770015,0.776282,0.756808,0.678178,0.004320,0.931467,0.004932,0.900000,0.004320,0.701135,0.066166,0.076636,0.007823,True
1B_to_2B,1,bottom,3,0,0.859186,0.869904,0.834546,0.696867,0.007182,0.931467,0.008295,0.900000,0.007182,0.728116,0.150082,0.177557,0.018125,True
1B_to_2B,1,bottom,3,1,0.844896,0.852005,0.827785,0.706481,0.004687,0.931467,0.005449,0.900000,0.004687,0.724120,0.104202,0.122845,0.012540,True
1B_to_2B,1,bottom,3,2,0.833040,0.837603,0.823327,0.680392,0.003135,0.931467,0.003585,0.900000,0.003135,0.701135,0.066166,0.076636,0.007823,True
1B_to_2B,2,top,-3,0,0.220183,0.236668,0.162621,0.777371,0.009080,0.931467,0.011410,0.900000,0.009080,0.728116,0.150082,0.177557,0.018125,True
1B_to_2B,2,top,-3,1,0.186637,0.196590,0.149163,0.790124,0.005211,0.931467,0.006703,0.900000,0.005211,0.724120,0.104202,0.122845,0.012540,True
1B_to_2B,2,top,-3,2,0.160769,0.166650,0.141422,0.766874,0.003358,0.931467,0.004152,0.900000,0.003358,0.701135,0.066166,0.076636,0.007823,True
1B_to_2B,2,top,-2,0,0.302503,0.327971,0.230420,0.738922,0.015713,0.931467,0.018783,0.900000,0.015713,0.728116,0.150082,0.177557,0.018125,True
1B_to_2B,2,top,-2,1,0.260914,0.277149,0.212110,0.750377,0.009731,0.931467,0.011778,0.900000,0.009731,0.724120,0.104202,0.122845,0.012540,True
1B_to_2B,2,top,-2,2,0.227355,0.237396,0.200778,0.725783,0.006379,0.931467,0.007531,0.900000,0.006379,0.701135,0.066166,0.076636,0.007823,True
1B_to_2B,2,top,-1,0,0.412820,0.441641,0.337547,0.723133,0.018411,0.931467,0.021687,0.900000,0.018411,0.728116,0.150082,0.177557,0.018125,True
1B_to_2B,2,top,-1,1,0.369850,0.388561,0.317635,0.736186,0.011619,0.931467,0.013850,0.900000,0.011619,0.724120,0.104202,0.122845,0.012540,True
1B_to_2B,2,top,-1,2,0.334202,0.345903,0.304911,0.714551,0.007602,0.931467,0.008892,0.900000,0.007602,0.701135,0.066166,0.076636,0.007823,True
1B_to_2B,2,top,0,0,0.529696,0.560939,0.459949,0.690630,0.021144,0.931467,0.024322,0.900000,0.021144,0.728116,0.150082,0.177557,0.018125,True
1B_to_2B,2,top,0,1,0.489649,0.510500,0.440400,0.702551,0.013841,0.931467,0.016047,0.900000,0.013841,0.724120,0.104202,0.122845,0.012540,True
1B_to_2B,2,top,0,2,0.455762,0.469162,0.427334,0.679647,0.009217,0.931467,0.010533,0.900000,0.009217,0.701135,0.066166,0.076636,0.007823,True
1B_to_2B,2,top,1,0,0.647655,0.670035,0.593861,0.706197,0.014763,0.931467,0.017160,0.900000,0.014763,0.728116,0.150082,0.177557,0.018125,True
1B_to_2B,2,top,1,1,0.617192,0.631966,0.579051,0.720795,0.009483,0.931467,0.011148,0.900000,0.009483,0.724120,0.104202,0.122845,0.012540,True
1B_to_2B,2,top,1,2,0.591271,0.600617,0.569301,0.701562,0.006214,0.931467,0.007200,0.900000,0.006214,0.701135,0.066166,0.076636,0.007823,True
1B_to_2B,2,top,2,0,0.733230,0.755423,0.689663,0.662522,0.015617,0.931467,0.017686,0.900000,0.015617,0.728116,0.150082,0.177557,0.018125,True
1B_to_2B,2,top,2,1,0.708163,0.723267,0.676763,0.675211,0.010454,0.931467,0.011917,0.900000,0.010454,0.724120,0.104202,0.122845,0.012540,True
1B_to_2B,2,top,2,2,0.686480,0.696352,0.667799,0.654254,0.007017,0.931467,0.007915,0.900000,0.007017,0.701135,0.066166,0.076636,0.007823,True
1B_to_2B,2,top,3,0,0.811959,0.823165,0.785522,0.702310,0.007442,0.931467,0.008626,0.900000,0.007442,0.728116,0.150082,0.177557,0.018125,True
1B_to_2B,2,top,3,1,0.796994,0.804416,0.778188,0.717012,0.004800,0.931467,0.005625,0.900000,0.004800,0.724120,0.104202,0.122845,0.012540,True
1B_to_2B,2,top,3,2,0.784211,0.788920,0.773333,0.697848,0.003151,0.931467,0.003641,0.900000,0.003151,0.701135,0.066166,0.076636,0.007823,True
1B_to_2B,2,bottom,-3,0,0.283655,0.305775,0.220132,0.741717,0.013556,0.931467,0.016251,0.900000,0.013556,0.728116,0.150082,0.177557,0.018125,True
1B_to_2B,2,bottom,-3,1,0.246371,0.260391,0.204357,0.749795,0.008417,0.931467,0.010180,0.900000,0.008417,0.724120,0.104202,0.122845,0.012540,True
1B_to_2B,2,bottom,-3,2,0.217096,0.225803,0.194744,0.719663,0.005601,0.931467,0.006578,0.900000,0.005601,0.701135,0.066166,0.076636,0.007823,True
1B_to_2B,2,bottom,-2,0,0.383221,0.405118,0.312630,0.763244,0.012648,0.931467,0.015559,0.900000,0.012648,0.728116,0.150082,0.177557,0.018125,True
1B_to_2B,2,bottom,-2,1,0.342918,0.356473,0.295320,0.778343,0.007440,0.931467,0.009364,0.900000,0.007440,0.724120,0.104202,0.122845,0.012540,True
1B_to_2B,2,bottom,-2,2,0.310512,0.318613,0.284971,0.759216,0.004736,0.931467,0.005795,0.900000,0.004736,0.701135,0.066166,0.076636,0.007823,True
1B_to_2B,2,bottom,-1,0,0.483617,0.517654,0.403954,0.700642,0.022667,0.931467,0.026245,0.900000,0.022667,0.728116,0.150082,0.177557,0.018125,True
1B_to_2B,2,bottom,-1,1,0.437951,0.460488,0.382032,0.712747,0.014691,0.931467,0.017160,0.900000,0.014691,0.724120,0.104202,0.122845,0.012540,True
1B_to_2B,2,bottom,-1,2,0.399540,0.413918,0.367590,0.689653,0.009745,0.931467,0.011203,0.900000,0.009745,0.701135,0.066166,0.076636,0.007823,True
1B_to_2B,2,bottom,0,0,0.615163,0.642417,0.549384,0.707052,0.017950,0.931467,0.020878,0.900000,0.017950,0.728116,0.150082,0.177557,0.018125,True
1B_to_2B,2,bottom,0,1,0.578045,0.596033,0.531243,0.722371,0.011509,0.931467,0.013548,0.900000,0.011509,0.724120,0.104202,0.122845,0.012540,True
1B_to_2B,2,bottom,0,2,0.546339,0.557694,0.519288,0.704333,0.007515,0.931467,0.008723,0.900000,0.007515,0.701135,0.066166,0.076636,0.007823,True
1B_to_2B,2,bottom,1,0,0.718743,0.747333,0.666166,0.647767,0.020473,0.931467,0.023027,0.900000,0.020473,0.728116,0.150082,0.177557,0.018125,True
1B_to_2B,2,bottom,1,1,0.688220,0.707834,0.650241,0.659443,0.013854,0.931467,0.015667,0.900000,0.013854,0.724120,0.104202,0.122845,0.012540,True
1B_to_2B,2,bottom,1,2,0.661756,0.674700,0.639006,0.637376,0.009374,0.931467,0.010498,0.900000,0.009374,0.701135,0.066166,0.076636,0.007823,True
1B_to_2B,2,bottom,2,0,0.818641,0.828007,0.789842,0.754613,0.005549,0.931467,0.006750,0.900000,0.005549,0.728116,0.150082,0.177557,0.018125,True
1B_to_2B,2,bottom,2,1,0.802776,0.808675,0.782415,0.775349,0.003273,0.931467,0.004099,0.900000,0.003273,0.724120,0.104202,0.122845,0.012540,True
1B_to_2B,2,bottom,2,2,0.789261,0.792772,0.777808,0.765381,0.002014,0.931467,0.002485,0.900000,0.002014,0.701135,0.066166,0.076636,0.007823,True
1B_to_2B,2,bottom,3,0,0.857712,0.874646,0.829457,0.625267,0.012415,0.931467,0.013837,0.900000,0.012415,0.728116,0.150082,0.177557,0.018125,True
1B_to_2B,2,bottom,3,1,0.841507,0.853287,0.820393,0.641884,0.008490,0.931467,0.009526,0.900000,0.008490,0.724120,0.104202,0.122845,0.012540,True
1B_to_2B,2,bottom,3,2,0.826945,0.834768,0.813760,0.627642,0.005722,0.931467,0.006383,0.900000,0.005722,0.701135,0.066166,0.076636,0.007823,True
1B_to_2B,3,top,-3,0,0.216196,0.228574,0.160789,0.817393,0.005600,0.931467,0.007732,0.900000,0.005600,0.728116,0.150082,0.177557,0.018125,True
1B_to_2B,3,top,-3,1,0.184123,0.191003,0.148665,0.837490,0.002647,0.931467,0.003978,0.900000,0.002647,0.724120,0.104202,0.122845,0.012540,True
1B_to_2B,3,top,-3,2,0.159854,0.163547,0.142187,0.827099,0.001557,0.931467,0.002229,0.900000,0.001557,0.701135,0.066166,0.076636,0.007823,True
1B_to_2B,3,top,-2,0,0.288020,0.317369,0.210265,0.725983,0.018638,0.931467,0.022009,0.900000,0.018638,0.728116,0.150082,0.177557,0.018125,True
1B_to_2B,3,top,-2,1,0.243081,0.262050,0.190050,0.736551,0.011768,0.931467,0.014035,0.900000,0.011768,0.724120,0.104202,0.122845,0.012540,True
1B_to_2B,3,top,-2,2,0.206538,0.218425,0.177280,0.711110,0.007772,0.931467,0.009067,0.900000,0.007772,0.701135,0.066166,0.076636,0.007823,True
1B_to_2B,3,top,-1,0,0.410713,0.439682,0.334359,0.724949,0.018437,0.931467,0.021751,0.900000,0.018437,0.728116,0.150082,0.177557,0.018125,True
1B_to_2B,3,top,-1,1,0.367069,0.385840,0.314256,0.737772,0.011613,0.931467,0.013865,0.900000,0.011613,0.724120,0.104202,0.122845,0.012540,True
1B_to_2B,3,top,-1,2,0.330983,0.342708,0.301456,0.715765,0.007600,0.931467,0.008898,0.900000,0.007600,0.701135,0.066166,0.076636,0.007823,True
1B_to_2B,3,top,0,0,0.529099,0.560591,0.457257,0.695240,0.021159,0.931467,0.024410,0.900000,0.021159,0.728116,0.150082,0.177557,0.018125,True
1B_to_2B,3,top,0,1,0.487903,0.508850,0.437276,0.707342,0.013789,0.931467,0.016042,0.900000,0.013789,0.724120,0.104202,0.122845,0.012540,True
1B_to_2B,3,top,0,2,0.453134,0.466546,0.423995,0.684817,0.009156,0.931467,0.010496,0.900000,0.009156,0.701135,0.066166,0.076636,0.007823,True
1B_to_2B,3,top,1,0,0.648841,0.673464,0.592141,0.697225,0.016490,0.931467,0.019050,0.900000,0.016490,0.728116,0.150082,0.177557,0.018125,True
1B_to_2B,3,top,1,1,0.616433,0.632787,0.576392,0.710009,0.010715,0.931467,0.012489,0.900000,0.010715,0.724120,0.104202,0.122845,0.012540,True
1B_to_2B,3,top,1,2,0.588981,0.599430,0.565948,0.687931,0.007101,0.931467,0.008154,0.900000,0.007101,0.701135,0.066166,0.076636,0.007823,True
1B_to_2B,3,top,2,0,0.742681,0.762427,0.697547,0.695650,0.013258,0.931467,0.015300,0.900000,0.013258,0.728116,0.150082,0.177557,0.018125,True
1B_to_2B,3,top,2,1,0.717148,0.730298,0.684854,0.710633,0.008606,0.931467,0.010036,0.900000,0.008606,0.724120,0.104202,0.122845,0.012540,True
1B_to_2B,3,top,2,2,0.695190,0.703572,0.676370,0.691839,0.005662,0.931467,0.006518,0.900000,0.005662,0.701135,0.066166,0.076636,0.007823,True
1B_to_2B,3,top,3,0,0.816234,0.833810,0.782340,0.658523,0.012429,0.931467,0.014049,0.900000,0.012429,0.728116,0.150082,0.177557,0.018125,True
1B_to_2B,3,top,3,1,0.796864,0.808867,0.772163,0.672991,0.008332,0.931467,0.009488,0.900000,0.008332,0.724120,0.104202,0.122845,0.012540,True
1B_to_2B,3,top,3,2,0.779909,0.787754,0.765022,0.654879,0.005572,0.931467,0.006287,0.900000,0.005572,0.701135,0.066166,0.076636,0.007823,True
1B_to_2B,3,bottom,-3,0,0.267980,0.290244,0.200551,0.751776,0.013295,0.931467,0.016117,0.900000,0.013295,0.728116,0.150082,0.177557,0.018125,True
1B_to_2B,3,bottom,-3,1,0.228669,0.242622,0.184013,0.761933,0.008092,0.931467,0.009936,0.900000,0.008092,0.724120,0.104202,0.122845,0.012540,True
1B_to_2B,3,bottom,-3,2,0.197756,0.206300,0.174059,0.734979,0.005320,0.931467,0.006334,0.900000,0.005320,0.701135,0.066166,0.076636,0.007823,True
1B_to_2B,3,bottom,-2,0,0.370090,0.396421,0.293392,0.744434,0.016028,0.931467,0.019270,0.900000,0.016028,0.728116,0.150082,0.177557,0.018125,True
1B_to_2B,3,bottom,-2,1,0.326121,0.342815,0.273988,0.757456,0.009811,0.931467,0.011977,0.900000,0.009811,0.724120,0.104202,0.122845,0.012540,True
1B_to_2B,3,bottom,-2,2,0.290471,0.300706,0.262038,0.735327,0.006368,0.931467,0.007585,0.900000,0.006368,0.701135,0.066166,0.076636,0.007823,True
1B_to_2B,3,bottom,-1,0,0.484559,0.518132,0.404110,0.705560,0.022170,0.931467,0.025759,0.900000,0.022170,0.728116,0.150082,0.177557,0.018125,True
1B_to_2B,3,bottom,-1,1,0.438403,0.460536,0.382202,0.717451,0.014300,0.931467,0.016765,0.900000,0.014300,0.724120,0.104202,0.122845,0.012540,True
1B_to_2B,3,bottom,-1,2,0.399785,0.413858,0.367882,0.693900,0.009476,0.931467,0.010922,0.900000,0.009476,0.701135,0.066166,0.076636,0.007823,True
1B_to_2B,3,bottom,0,0,0.616132,0.644196,0.547294,0.710390,0.018374,0.931467,0.021423,0.900000,0.018374,0.728116,0.150082,0.177557,0.018125,True
1B_to_2B,3,bottom,0,1,0.577260,0.595724,0.528446,0.725558,0.011736,0.931467,0.013853,0.900000,0.011736,0.724120,0.104202,0.122845,0.012540,True
1B_to_2B,3,bottom,0,2,0.544161,0.555791,0.516101,0.706976,0.007661,0.931467,0.008910,0.900000,0.007661,0.701135,0.066166,0.076636,0.007823,True
1B_to_2B,3,bottom,1,0,0.724116,0.753661,0.667327,0.657784,0.020911,0.931467,0.023628,0.900000,0.020911,0.728116,0.150082,0.177557,0.018125,True
1B_to_2B,3,bottom,1,1,0.691479,0.711649,0.650334,0.671042,0.014039,0.931467,0.015968,0.900000,0.014039,0.724120,0.104202,0.122845,0.012540,True
1B_to_2B,3,bottom,1,2,0.663076,0.676287,0.638447,0.650858,0.009428,0.931467,0.010618,0.900000,0.009428,0.701135,0.066166,0.076636,0.007823,True
1B_to_2B,3,bottom,2,0,0.827750,0.841836,0.795103,0.698587,0.009413,0.931467,0.010883,0.900000,0.009413,0.728116,0.150082,0.177557,0.018125,True
1B_to_2B,3,bottom,2,1,0.809360,0.818727,0.785937,0.714358,0.006087,0.931467,0.007120,0.900000,0.006087,0.724120,0.104202,0.122845,0.012540,True
1B_to_2B,3,bottom,2,2,0.793510,0.799457,0.779812,0.697256,0.003983,0.931467,0.004601,0.900000,0.003983,0.701135,0.066166,0.076636,0.007823,True
1B_to_2B,3,bottom,3,0,0.879952,0.893960,0.855659,0.634251,0.010179,0.931467,0.011383,0.900000,0.010179,0.728116,0.150082,0.177557,0.018125,True
1B_to_2B,3,bottom,3,1,0.865750,0.875430,0.848131,0.645409,0.006950,0.931467,0.007809,0.900000,0.006950,0.724120,0.104202,0.122845,0.012540,True
1B_to_2B,3,bottom,3,2,0.853410,0.859844,0.842730,0.624066,0.004722,0.931467,0.005261,0.900000,0.004722,0.701135,0.066166,0.076636,0.007823,True
1B_to_2B,4,top,-3,0,0.188680,0.210210,0.121751,0.756613,0.012684,0.931467,0.015468,0.900000,0.012684,0.728116,0.150082,0.177557,0.018125,True
1B_to_2B,4,top,-3,1,0.149593,0.162999,0.105512,0.766801,0.007657,0.931467,0.009466,0.900000,0.007657,0.724120,0.104202,0.122845,0.012540,True
1B_to_2B,4,top,-3,2,0.119069,0.127235,0.095821,0.740052,0.005025,0.931467,0.006013,0.900000,0.005025,0.701135,0.066166,0.076636,0.007823,True
1B_to_2B,4,top,-2,0,0.289047,0.315924,0.211326,0.743046,0.016417,0.931467,0.019709,0.900000,0.016417,0.728116,0.150082,0.177557,0.018125,True
1B_to_2B,4,top,-2,1,0.244186,0.261234,0.191748,0.754649,0.010100,0.931467,0.012286,0.900000,0.010100,0.724120,0.104202,0.122845,0.012540,True
1B_to_2B,4,top,-2,2,0.208116,0.218616,0.179724,0.729998,0.006612,0.931467,0.007835,0.900000,0.006612,0.701135,0.066166,0.076636,0.007823,True
1B_to_2B,4,top,-1,0,0.407138,0.438399,0.324124,0.726442,0.019833,0.931467,0.023429,0.900000,0.019833,0.728116,0.150082,0.177557,0.018125,True
1B_to_2B,4,top,-1,1,0.359873,0.380109,0.302249,0.740094,0.012450,0.931467,0.014900,0.900000,0.012450,0.724120,0.104202,0.122845,0.012540,True
1B_to_2B,4,top,-1,2,0.320620,0.333224,0.288322,0.719298,0.008114,0.931467,0.009527,0.900000,0.008114,0.701135,0.066166,0.076636,0.007823,True
1B_to_2B,4,top,0,0,0.534513,0.570209,0.456804,0.685228,0.024356,0.931467,0.027924,0.900000,0.024356,0.728116,0.150082,0.177557,0.018125,True
1B_to_2B,4,top,0,1,0.489893,0.513816,0.434787,0.697288,0.016020,0.931467,0.018507,0.900000,0.016020,0.724120,0.104202,0.122845,0.012540,True
1B_to_2B,4,top,0,2,0.451973,0.467398,0.419950,0.674902,0.010681,0.931467,0.012173,0.900000,0.010681,0.701135,0.066166,0.076636,0.007823,True
1B_to_2B,4,top,1,0,0.667388,0.691832,0.610098,0.700932,0.016270,0.931467,0.018843,0.900000,0.016270,0.728116,0.150082,0.177557,0.018125,True
1B_to_2B,4,top,1,1,0.634781,0.650979,0.594238,0.714536,0.010523,0.931467,0.012309,0.900000,0.010523,0.724120,0.104202,0.122845,0.012540,True
1B_to_2B,4,top,1,2,0.607102,0.617407,0.583747,0.693836,0.006939,0.931467,0.007998,0.900000,0.006939,0.701135,0.066166,0.076636,0.007823,True
1B_to_2B,4,top,2,0,0.760580,0.782214,0.714749,0.679317,0.014888,0.931467,0.017010,0.900000,0.014888,0.728116,0.150082,0.177557,0.018125,True
1B_to_2B,4,top,2,1,0.734429,0.749002,0.701534,0.692994,0.009826,0.931467,0.011320,0.900000,0.009826,0.724120,0.104202,0.122845,0.012540,True
1B_to_2B,4,top,2,2,0.711905,0.721316,0.692520,0.673179,0.006532,0.931467,0.007438,0.900000,0.006532,0.701135,0.066166,0.076636,0.007823,True
1B_to_2B,4,top,3,0,0.838898,0.854513,0.808017,0.664160,0.010966,0.931467,0.012428,0.900000,0.010966,0.728116,0.150082,0.177557,0.018125,True
1B_to_2B,4,top,3,1,0.820959,0.831558,0.798988,0.674572,0.007342,0.931467,0.008367,0.900000,0.007342,0.724120,0.104202,0.122845,0.012540,True
1B_to_2B,4,top,3,2,0.805621,0.812567,0.792780,0.648964,0.004967,0.931467,0.005590,0.900000,0.004967,0.701135,0.066166,0.076636,0.007823,True
1B_to_2B,4,bottom,-3,0,0.253033,0.275298,0.183902,0.756388,0.013126,0.931467,0.016001,0.900000,0.013126,0.728116,0.150082,0.177557,0.018125,True
1B_to_2B,4,bottom,-3,1,0.212409,0.226255,0.167237,0.765402,0.007944,0.931467,0.009801,0.900000,0.007944,0.724120,0.104202,0.122845,0.012540,True
1B_to_2B,4,bottom,-3,2,0.180911,0.189377,0.157363,0.735545,0.005265,0.931467,0.006272,0.900000,0.005265,0.701135,0.066166,0.076636,0.007823,True
1B_to_2B,4,bottom,-2,0,0.358511,0.383392,0.276232,0.767811,0.014165,0.931467,0.017537,0.900000,0.014165,0.728116,0.150082,0.177557,0.018125,True
1B_to_2B,4,bottom,-2,1,0.311720,0.327029,0.256149,0.784019,0.008221,0.931467,0.010451,0.900000,0.008221,0.724120,0.104202,0.122845,0.012540,True
1B_to_2B,4,bottom,-2,2,0.273993,0.283065,0.244214,0.766501,0.005187,0.931467,0.006409,0.900000,0.005187,0.701135,0.066166,0.076636,0.007823,True
1B_to_2B,4,bottom,-1,0,0.473732,0.514631,0.379812,0.696638,0.027417,0.931467,0.031659,0.900000,0.027417,0.728116,0.150082,0.177557,0.018125,True
1B_to_2B,4,bottom,-1,1,0.420142,0.447328,0.353650,0.709789,0.017819,0.931467,0.020766,0.900000,0.017819,0.724120,0.104202,0.122845,0.012540,True
1B_to_2B,4,bottom,-1,2,0.374636,0.392001,0.336263,0.688453,0.011791,0.931467,0.013545,0.900000,0.011791,0.701135,0.066166,0.076636,0.007823,True
1B_to_2B,4,bottom,0,0,0.628694,0.662421,0.555052,0.685881,0.022990,0.931467,0.026369,0.900000,0.022990,0.728116,0.150082,0.177557,0.018125,True
1B_to_2B,4,bottom,0,1,0.586756,0.609368,0.534062,0.699740,0.015081,0.931467,0.017451,0.900000,0.015081,0.724120,0.104202,0.122845,0.012540,True
1B_to_2B,4,bottom,0,2,0.550715,0.565254,0.519880,0.679578,0.010001,0.931467,0.011429,0.900000,0.010001,0.701135,0.066166,0.076636,0.007823,True
1B_to_2B,4,bottom,1,0,0.752753,0.778260,0.700109,0.673615,0.017692,0.931467,0.020151,0.900000,0.017692,0.728116,0.150082,0.177557,0.018125,True
1B_to_2B,4,bottom,1,1,0.722718,0.739966,0.684760,0.687582,0.011727,0.931467,0.013465,0.900000,0.011727,0.724120,0.104202,0.122845,0.012540,True
1B_to_2B,4,bottom,1,2,0.696685,0.707865,0.674224,0.667661,0.007816,0.931467,0.008874,0.900000,0.007816,0.701135,0.066166,0.076636,0.007823,True
1B_to_2B,4,bottom,2,0,0.844414,0.860553,0.810104,0.680084,0.011095,0.931467,0.012682,0.900000,0.011095,0.728116,0.150082,0.177557,0.018125,True
1B_to_2B,4,bottom,2,1,0.825061,0.835942,0.800125,0.696189,0.007300,0.931467,0.008426,0.900000,0.007300,0.724120,0.104202,0.122845,0.012540,True
1B_to_2B,4,bottom,2,2,0.808149,0.815149,0.793285,0.679864,0.004813,0.931467,0.005502,0.900000,0.004813,0.701135,0.066166,0.076636,0.007823,True
1B_to_2B,4,bottom,3,0,0.901688,0.915264,0.879868,0.616454,0.010037,0.931467,0.011150,0.900000,0.010037,0.728116,0.150082,0.177557,0.018125,True
1B_to_2B,4,bottom,3,1,0.888753,0.898206,0.872924,0.626088,0.006925,0.931467,0.007720,0.900000,0.006925,0.724120,0.104202,0.122845,0.012540,True
1B_to_2B,4,bottom,3,2,0.877506,0.883853,0.867864,0.603007,0.004749,0.931467,0.005251,0.900000,0.004749,0.701135,0.066166,0.076636,0.007823,True
1B_to_2B,5,top,-3,0,0.176820,0.195573,0.111362,0.777312,0.010332,0.931467,0.012982,0.900000,0.010332,0.728116,0.150082,0.177557,0.018125,True
1B_to_2B,5,top,-3,1,0.138414,0.149721,0.096170,0.788865,0.005951,0.931467,0.007637,0.900000,0.005951,0.724120,0.104202,0.122845,0.012540,True
1B_to_2B,5,top,-3,2,0.109075,0.115782,0.087485,0.762971,0.003877,0.931467,0.004768,0.900000,0.003877,0.701135,0.066166,0.076636,0.007823,True
1B_to_2B,5,top,-2,0,0.271735,0.298924,0.188297,0.754223,0.016127,0.931467,0.019607,0.900000,0.016127,0.728116,0.150082,0.177557,0.018125,True
1B_to_2B,5,top,-2,1,0.223723,0.240736,0.167660,0.767194,0.009705,0.931467,0.012005,0.900000,0.009705,0.724120,0.104202,0.122845,0.012540,True
1B_to_2B,5,top,-2,2,0.185252,0.195585,0.155216,0.744038,0.006296,0.931467,0.007566,0.900000,0.006296,0.701135,0.066166,0.076636,0.007823,True
1B_to_2B,5,top,-1,0,0.395138,0.430438,0.301804,0.725577,0.022437,0.931467,0.026484,0.900000,0.022437,0.728116,0.150082,0.177557,0.018125,True
1B_to_2B,5,top,-1,1,0.342353,0.365248,0.277012,0.740532,0.014071,0.931467,0.016848,0.900000,0.014071,0.724120,0.104202,0.122845,0.012540,True
1B_to_2B,5,top,-1,2,0.298082,0.312315,0.261139,0.721866,0.009116,0.931467,0.010726,0.900000,0.009116,0.701135,0.066166,0.076636,0.007823,True
1B_to_2B,5,top,0,0,0.536718,0.579420,0.451980,0.664928,0.029958,0.931467,0.033968,0.900000,0.029958,0.728116,0.150082,0.177557,0.018125,True
1B_to_2B,5,top,0,1,0.487767,0.516774,0.427098,0.676539,0.020039,0.931467,0.022861,0.900000,0.020039,0.724120,0.104202,0.122845,0.012540,True
1B_to_2B,5,top,0,2,0.445761,0.464715,0.409888,0.654295,0.013471,0.931467,0.015197,0.900000,0.013471,0.701135,0.066166,0.076636,0.007823,True
1B_to_2B,5,top,1,0,0.689875,0.711023,0.636186,0.717414,0.013664,0.931467,0.016019,0.900000,0.013664,0.728116,0.150082,0.177557,0.018125,True
1B_to_2B,5,top,1,1,0.659428,0.673245,0.621742,0.731726,0.008667,0.931467,0.010287,0.900000,0.008667,0.724120,0.104202,0.122845,0.012540,True
1B_to_2B,5,top,1,2,0.633801,0.642466,0.612404,0.711748,0.005659,0.931467,0.006605,0.900000,0.005659,0.701135,0.066166,0.076636,0.007823,True
1B_to_2B,5,top,2,0,0.773528,0.796112,0.726288,0.676554,0.015602,0.931467,0.017799,0.900000,0.015602,0.728116,0.150082,0.177557,0.018125,True
1B_to_2B,5,top,2,1,0.746571,0.761815,0.712591,0.690325,0.010321,0.931467,0.011871,0.900000,0.010321,0.724120,0.104202,0.122845,0.012540,True
1B_to_2B,5,top,2,2,0.723303,0.733163,0.703211,0.670808,0.006865,0.931467,0.007807,0.900000,0.006865,0.701135,0.066166,0.076636,0.007823,True
1B_to_2B,5,top,3,0,0.854754,0.870621,0.823723,0.661660,0.011178,0.931467,0.012653,0.900000,0.011178,0.728116,0.150082,0.177557,0.018125,True
1B_to_2B,5,top,3,1,0.836695,0.847482,0.814614,0.671810,0.007500,0.931467,0.008534,0.900000,0.007500,0.724120,0.104202,0.122845,0.012540,True
1B_to_2B,5,top,3,2,0.821270,0.828349,0.808327,0.646456,0.005077,0.931467,0.005707,0.900000,0.005077,0.701135,0.066166,0.076636,0.007823,True
1B_to_2B,5,bottom,-3,0,0.235854,0.257147,0.164629,0.769848,0.012041,0.931467,0.014952,0.900000,0.012041,0.728116,0.150082,0.177557,0.018125,True
1B_to_2B,5,bottom,-3,1,0.194062,0.207050,0.147869,0.780543,0.007070,0.931467,0.008932,0.900000,0.007070,0.724120,0.104202,0.122845,0.012540,True
1B_to_2B,5,bottom,-3,2,0.161917,0.169714,0.138174,0.752794,0.004643,0.931467,0.005635,0.900000,0.004643,0.701135,0.066166,0.076636,0.007823,True
1B_to_2B,5,bottom,-2,0,0.341246,0.368852,0.252274,0.763196,0.015948,0.931467,0.019617,0.900000,0.015948,0.728116,0.150082,0.177557,0.018125,True
1B_to_2B,5,bottom,-2,1,0.290617,0.307714,0.230384,0.778915,0.009363,0.931467,0.011797,0.900000,0.009363,0.724120,0.104202,0.122845,0.012540,True
1B_to_2B,5,bottom,-2,2,0.249687,0.259891,0.217278,0.760549,0.005942,0.931467,0.007284,0.900000,0.005942,0.701135,0.066166,0.076636,0.007823,True
1B_to_2B,5,bottom,-1,0,0.467244,0.510637,0.367467,0.696915,0.029076,0.931467,0.033581,0.900000,0.029076,0.728116,0.150082,0.177557,0.018125,True
1B_to_2B,5,bottom,-1,1,0.410312,0.439146,0.339692,0.710080,0.018888,0.931467,0.022018,0.900000,0.018888,0.724120,0.104202,0.122845,0.012540,True
1B_to_2B,5,bottom,-1,2,0.361953,0.380370,0.321253,0.688471,0.012505,0.931467,0.014366,0.900000,0.012505,0.701135,0.066166,0.076636,0.007823,True
1B_to_2B,5,bottom,0,0,0.632067,0.667273,0.553302,0.691093,0.023809,0.931467,0.027395,0.900000,0.023809,0.728116,0.150082,0.177557,0.018125,True
1B_to_2B,5,bottom,0,1,0.587553,0.611086,0.530933,0.706406,0.015517,0.931467,0.018040,0.900000,0.015517,0.724120,0.104202,0.122845,0.012540,True
1B_to_2B,5,bottom,0,2,0.549071,0.564114,0.515874,0.688149,0.010220,0.931467,0.011737,0.900000,0.010220,0.701135,0.066166,0.076636,0.007823,True
1B_to_2B,5,bottom,1,0,0.761462,0.791944,0.704750,0.650414,0.021763,0.931467,0.024506,0.900000,0.021763,0.728116,0.150082,0.177557,0.018125,True
1B_to_2B,5,bottom,1,1,0.728935,0.749844,0.687489,0.664689,0.014673,0.931467,0.016636,0.900000,0.014673,0.724120,0.104202,0.122845,0.012540,True
1B_to_2B,5,bottom,1,2,0.700366,0.714101,0.675276,0.646224,0.009853,0.931467,0.011074,0.900000,0.009853,0.701135,0.066166,0.076636,0.007823,True
1B_to_2B,5,bottom,2,0,0.866123,0.880327,0.836940,0.672628,0.009865,0.931467,0.011231,0.900000,0.009865,0.728116,0.150082,0.177557,0.018125,True
1B_to_2B,5,bottom,2,1,0.849390,0.858993,0.828453,0.685580,0.006548,0.931467,0.007510,0.900000,0.006548,0.724120,0.104202,0.122845,0.012540,True
1B_to_2B,5,bottom,2,2,0.834956,0.841194,0.822640,0.663753,0.004383,0.931467,0.004966,0.900000,0.004383,0.701135,0.066166,0.076636,0.007823,True
1B_to_2B,5,bottom,3,0,0.917635,0.925573,0.898104,0.711013,0.005191,0.931467,0.006055,0.900000,0.005191,0.728116,0.150082,0.177557,0.018125,True
1B_to_2B,5,bottom,3,1,0.906845,0.912079,0.892659,0.730463,0.003293,0.931467,0.003903,0.900000,0.003293,0.724120,0.104202,0.122845,0.012540,True
1B_to_2B,5,bottom,3,2,0.897378,0.900650,0.889056,0.717814,0.002112,0.931467,0.002477,0.900000,0.002112,0.701135,0.066166,0.076636,0.007823,True
1B_to_2B,6,top,-3,0,0.158167,0.172256,0.094387,0.819066,0.006302,0.931467,0.008752,0.900000,0.006302,0.728116,0.150082,0.177557,0.018125,True
1B_to_2B,6,top,-3,1,0.120624,0.128377,0.080748,0.837210,0.002991,0.931467,0.004489,0.900000,0.002991,0.724120,0.104202,0.122845,0.012540,True
1B_to_2B,6,top,-3,2,0.092901,0.097103,0.073637,0.820966,0.001855,0.931467,0.002594,0.900000,0.001855,0.701135,0.066166,0.076636,0.007823,True
1B_to_2B,6,top,-2,0,0.243873,0.273100,0.150090,0.762407,0.016925,0.931467,0.020797,0.900000,0.016925,0.728116,0.150082,0.177557,0.018125,True
1B_to_2B,6,top,-2,1,0.190200,0.208302,0.127119,0.777029,0.009983,0.931467,0.012538,0.900000,0.009983,0.724120,0.104202,0.122845,0.012540,True
1B_to_2B,6,top,-2,2,0.147133,0.157980,0.113406,0.756648,0.006390,0.931467,0.007792,0.900000,0.006390,0.701135,0.066166,0.076636,0.007823,True
1B_to_2B,6,top,-1,0,0.378559,0.421832,0.271831,0.711517,0.028273,0.931467,0.032993,0.900000,0.028273,0.728116,0.150082,0.177557,0.018125,True
1B_to_2B,6,top,-1,1,0.317903,0.346320,0.242844,0.725372,0.018070,0.931467,0.021325,0.900000,0.018070,0.724120,0.104202,0.122845,0.012540,True
1B_to_2B,6,top,-1,2,0.266757,0.284681,0.223958,0.704825,0.011852,0.931467,0.013762,0.900000,0.011852,0.701135,0.066166,0.076636,0.007823,True
1B_to_2B,6,top,0,0,0.547611,0.590721,0.456517,0.678772,0.029690,0.931467,0.033913,0.900000,0.029690,0.728116,0.150082,0.177557,0.018125,True
1B_to_2B,6,top,0,1,0.495562,0.524604,0.430260,0.692165,0.019608,0.931467,0.022576,0.900000,0.019608,0.724120,0.104202,0.122845,0.012540,True
1B_to_2B,6,top,0,2,0.450769,0.469543,0.412362,0.671672,0.013056,0.931467,0.014855,0.900000,0.013056,0.701135,0.066166,0.076636,0.007823,True
1B_to_2B,6,top,1,0,0.704352,0.733622,0.642198,0.679839,0.020128,0.931467,0.023004,0.900000,0.020128,0.728116,0.150082,0.177557,0.018125,True
1B_to_2B,6,top,1,1,0.668858,0.688562,0.624314,0.693323,0.013279,0.931467,0.015301,0.900000,0.013279,0.724120,0.104202,0.122845,0.012540,True
1B_to_2B,6,top,1,2,0.638303,0.651031,0.612148,0.672655,0.008840,0.931467,0.010063,0.900000,0.008840,0.701135,0.066166,0.076636,0.007823,True
1B_to_2B,6,top,2,0,0.811135,0.830932,0.768197,0.684420,0.013524,0.931467,0.015498,0.900000,0.013524,0.728116,0.150082,0.177557,0.018125,True
1B_to_2B,6,top,2,1,0.786830,0.800127,0.755859,0.699616,0.008871,0.931467,0.010263,0.900000,0.008871,0.724120,0.104202,0.122845,0.012540,True
1B_to_2B,6,top,2,2,0.765746,0.774288,0.747480,0.681354,0.005861,0.931467,0.006705,0.900000,0.005861,0.701135,0.066166,0.076636,0.007823,True
1B_to_2B,6,top,3,0,0.882917,0.898796,0.853507,0.649379,0.011350,0.931467,0.012775,0.900000,0.011350,0.728116,0.150082,0.177557,0.018125,True
1B_to_2B,6,top,3,1,0.866014,0.876909,0.844553,0.663271,0.007660,0.931467,0.008678,0.900000,0.007660,0.724120,0.104202,0.122845,0.012540,True
1B_to_2B,6,top,3,2,0.851188,0.858354,0.838219,0.644134,0.005152,0.931467,0.005786,0.900000,0.005152,0.701135,0.066166,0.076636,0.007823,True
1B_to_2B,6,bottom,-3,0,0.200856,0.223578,0.121986,0.776341,0.012563,0.931467,0.015760,0.900000,0.012563,0.728116,0.150082,0.177557,0.018125,True
1B_to_2B,6,bottom,-3,1,0.154584,0.168298,0.103651,0.787872,0.007249,0.931467,0.009284,0.900000,0.007249,0.724120,0.104202,0.122845,0.012540,True
1B_to_2B,6,bottom,-3,2,0.119148,0.127301,0.093181,0.761058,0.004741,0.931467,0.005815,0.900000,0.004741,0.701135,0.066166,0.076636,0.007823,True
1B_to_2B,6,bottom,-2,0,0.315984,0.347403,0.215130,0.762468,0.018192,0.931467,0.022354,0.900000,0.018192,0.728116,0.150082,0.177557,0.018125,True
1B_to_2B,6,bottom,-2,1,0.258599,0.278071,0.190287,0.778191,0.010693,0.931467,0.013456,0.900000,0.010693,0.724120,0.104202,0.122845,0.012540,True
1B_to_2B,6,bottom,-2,2,0.212130,0.223768,0.175418,0.759306,0.006803,0.931467,0.008324,0.900000,0.006803,0.701135,0.066166,0.076636,0.007823,True
1B_to_2B,6,bottom,-1,0,0.459522,0.507476,0.346162,0.702730,0.031822,0.931467,0.036899,0.900000,0.031822,0.728116,0.150082,0.177557,0.018125,True
1B_to_2B,6,bottom,-1,1,0.395423,0.427170,0.314707,0.717711,0.020501,0.931467,0.024040,0.900000,0.020501,0.724120,0.104202,0.122845,0.012540,True
1B_to_2B,6,bottom,-1,2,0.340553,0.360686,0.293909,0.698507,0.013455,0.931467,0.015557,0.900000,0.013455,0.701135,0.066166,0.076636,0.007823,True
1B_to_2B,6,bottom,0,0,0.641434,0.686694,0.551585,0.665007,0.031750,0.931467,0.036001,0.900000,0.031750,0.728116,0.150082,0.177557,0.018125,True
1B_to_2B,6,bottom,0,1,0.590410,0.621207,0.524823,0.680484,0.021158,0.931467,0.024192,0.900000,0.021158,0.724120,0.104202,0.122845,0.012540,True
1B_to_2B,6,bottom,0,2,0.545572,0.565604,0.506188,0.662851,0.014090,0.931467,0.015960,0.900000,0.014090,0.701135,0.066166,0.076636,0.007823,True
1B_to_2B,6,bottom,1,0,0.799479,0.827751,0.747474,0.647818,0.020244,0.931467,0.022770,0.900000,0.020244,0.728116,0.150082,0.177557,0.018125,True
1B_to_2B,6,bottom,1,1,0.769734,0.789161,0.731525,0.662940,0.013663,0.931467,0.015477,0.900000,0.013663,0.724120,0.104202,0.122845,0.012540,True
1B_to_2B,6,bottom,1,2,0.743443,0.756212,0.720192,0.645488,0.009168,0.931467,0.010300,0.900000,0.009168,0.701135,0.066166,0.076636,0.007823,True
1B_to_2B,6,bottom,2,0,0.895669,0.908840,0.870206,0.659072,0.009308,0.931467,0.010523,0.900000,0.009308,0.728116,0.150082,0.177557,0.018125,True
1B_to_2B,6,bottom,2,1,0.881087,0.890074,0.862585,0.673064,0.006238,0.931467,0.007103,0.900000,0.006238,0.724120,0.104202,0.122845,0.012540,True
1B_to_2B,6,bottom,2,2,0.868343,0.874222,0.857259,0.653467,0.004182,0.931467,0.004716,0.900000,0.004182,0.701135,0.066166,0.076636,0.007823,True
1B_to_2B,6,bottom,3,0,0.941804,0.948403,0.927176,0.689105,0.004477,0.931467,0.005144,0.900000,0.004477,0.728116,0.150082,0.177557,0.018125,True
1B_to_2B,6,bottom,3,1,0.933614,0.938038,0.922970,0.706429,0.002917,0.931467,0.003391,0.900000,0.002917,0.724120,0.104202,0.122845,0.012540,True
1B_to_2B,6,bottom,3,2,0.926436,0.929259,0.920114,0.691324,0.001908,0.931467,0.002196,0.900000,0.001908,0.701135,0.066166,0.076636,0.007823,True
1B_to_2B,7,top,-3,0,0.130389,0.145082,0.062363,0.822370,0.006422,0.931467,0.009024,0.900000,0.006422,0.728116,0.150082,0.177557,0.018125,True
1B_to_2B,7,top,-3,1,0.090033,0.098022,0.048043,0.840161,0.002991,0.931467,0.004564,0.900000,0.002991,0.724120,0.104202,0.122845,0.012540,True
1B_to_2B,7,top,-3,2,0.060625,0.064938,0.040709,0.821984,0.001890,0.931467,0.002653,0.900000,0.001890,0.701135,0.066166,0.076636,0.007823,True
1B_to_2B,7,top,-2,0,0.222814,0.252047,0.120000,0.778622,0.016028,0.931467,0.020183,0.900000,0.016028,0.728116,0.150082,0.177557,0.018125,True
1B_to_2B,7,top,-2,1,0.164175,0.181841,0.095477,0.795446,0.009030,0.931467,0.011747,0.900000,0.009030,0.724120,0.104202,0.122845,0.012540,True
1B_to_2B,7,top,-2,2,0.117415,0.127722,0.081241,0.778264,0.005658,0.931467,0.007122,0.900000,0.005658,0.701135,0.066166,0.076636,0.007823,True
1B_to_2B,7,top,-1,0,0.364779,0.415371,0.240683,0.710391,0.033122,0.931467,0.038620,0.900000,0.033122,0.728116,0.150082,0.177557,0.018125,True
1B_to_2B,7,top,-1,1,0.294599,0.327873,0.206756,0.725269,0.021163,0.931467,0.024973,0.900000,0.021163,0.724120,0.104202,0.122845,0.012540,True
1B_to_2B,7,top,-1,2,0.234936,0.255910,0.184567,0.706017,0.013839,0.931467,0.016085,0.900000,0.013839,0.701135,0.066166,0.076636,0.007823,True
1B_to_2B,7,top,0,0,0.560304,0.612098,0.456905,0.666260,0.036275,0.931467,0.041158,0.900000,0.036275,0.728116,0.150082,0.177557,0.018125,True
1B_to_2B,7,top,0,1,0.501307,0.536502,0.426307,0.680616,0.024175,0.931467,0.027643,0.900000,0.024175,0.724120,0.104202,0.122845,0.012540,True
1B_to_2B,7,top,0,2,0.449849,0.472756,0.405083,0.661502,0.016140,0.931467,0.018269,0.900000,0.016140,0.701135,0.066166,0.076636,0.007823,True
1B_to_2B,7,top,1,0,0.743128,0.773860,0.680770,0.669863,0.021423,0.931467,0.024352,0.900000,0.021423,0.728116,0.150082,0.177557,0.018125,True
1B_to_2B,7,top,1,1,0.707672,0.728512,0.662396,0.684792,0.014229,0.931467,0.016309,0.900000,0.014229,0.724120,0.104202,0.122845,0.012540,True
1B_to_2B,7,top,1,2,0.676694,0.690219,0.649698,0.666224,0.009473,0.931467,0.010748,0.900000,0.009473,0.701135,0.066166,0.076636,0.007823,True
1B_to_2B,7,top,2,0,0.851901,0.871653,0.813560,0.659977,0.013944,0.931467,0.015771,0.900000,0.013944,0.728116,0.150082,0.177557,0.018125,True
1B_to_2B,7,top,2,1,0.830099,0.843580,0.802037,0.675482,0.009327,0.931467,0.010634,0.900000,0.009327,0.724120,0.104202,0.122845,0.012540,True
1B_to_2B,7,top,2,2,0.810885,0.819681,0.793966,0.657927,0.006225,0.931467,0.007034,0.900000,0.006225,0.701135,0.066166,0.076636,0.007823,True
1B_to_2B,7,top,3,0,0.920349,0.931646,0.899118,0.652695,0.008044,0.931467,0.009068,0.900000,0.008044,0.728116,0.150082,0.177557,0.018125,True
1B_to_2B,7,top,3,1,0.908291,0.916039,0.892632,0.668994,0.005407,0.931467,0.006144,0.900000,0.005407,0.724120,0.104202,0.122845,0.012540,True
1B_to_2B,7,top,3,2,0.897594,0.902664,0.888032,0.653505,0.003607,0.931467,0.004067,0.900000,0.003607,0.701135,0.066166,0.076636,0.007823,True
1B_to_2B,7,bottom,-3,0,0.169804,0.189342,0.087381,0.808381,0.009342,0.931467,0.012550,0.900000,0.009342,0.728116,0.150082,0.177557,0.018125,True
1B_to_2B,7,bottom,-3,1,0.121492,0.132547,0.069320,0.825151,0.004732,0.931467,0.006722,0.900000,0.004732,0.724120,0.104202,0.122845,0.012540,True
1B_to_2B,7,bottom,-3,2,0.085257,0.091417,0.059669,0.805961,0.002986,0.931467,0.003984,0.900000,0.002986,0.701135,0.066166,0.076636,0.007823,True
1B_to_2B,7,bottom,-2,0,0.282531,0.319125,0.165465,0.761850,0.021228,0.931467,0.026063,0.900000,0.021228,0.728116,0.150082,0.177557,0.018125,True
1B_to_2B,7,bottom,-2,1,0.216143,0.238849,0.136504,0.778145,0.012471,0.931467,0.015692,0.900000,0.012471,0.724120,0.104202,0.122845,0.012540,True
1B_to_2B,7,bottom,-2,2,0.162066,0.175631,0.119131,0.759911,0.007915,0.931467,0.009693,0.900000,0.007915,0.701135,0.066166,0.076636,0.007823,True
1B_to_2B,7,bottom,-1,0,0.448717,0.504747,0.318184,0.699670,0.037374,0.931467,0.043244,0.900000,0.037374,0.728116,0.150082,0.177557,0.018125,True
1B_to_2B,7,bottom,-1,1,0.375341,0.412557,0.281557,0.715908,0.024116,0.931467,0.028238,0.900000,0.024116,0.724120,0.104202,0.122845,0.012540,True
1B_to_2B,7,bottom,-1,2,0.311859,0.335469,0.257157,0.698513,0.015779,0.931467,0.018243,0.900000,0.015779,0.701135,0.066166,0.076636,0.007823,True
1B_to_2B,7,bottom,0,0,0.657366,0.711951,0.558801,0.643587,0.039270,0.931467,0.044089,0.900000,0.039270,0.728116,0.150082,0.177557,0.018125,True
1B_to_2B,7,bottom,0,1,0.601094,0.638697,0.528264,0.659497,0.026559,0.931467,0.030035,0.900000,0.026559,0.724120,0.104202,0.122845,0.012540,True
1B_to_2B,7,bottom,0,2,0.551011,0.575769,0.506443,0.642884,0.017825,0.931467,0.020007,0.900000,0.017825,0.701135,0.066166,0.076636,0.007823,True
1B_to_2B,7,bottom,1,0,0.841221,0.865372,0.796003,0.651848,0.017214,0.931467,0.019397,0.900000,0.017214,0.728116,0.150082,0.177557,0.018125,True
1B_to_2B,7,bottom,1,1,0.815565,0.832134,0.782158,0.668454,0.011572,0.931467,0.013144,0.900000,0.011572,0.724120,0.104202,0.122845,0.012540,True
1B_to_2B,7,bottom,1,2,0.792725,0.803574,0.772342,0.652645,0.007725,0.931467,0.008709,0.900000,0.007725,0.701135,0.066166,0.076636,0.007823,True
1B_to_2B,7,bottom,2,0,0.923016,0.936352,0.900908,0.623748,0.009791,0.931467,0.010907,0.900000,0.009791,0.728116,0.150082,0.177557,0.018125,True
1B_to_2B,7,bottom,2,1,0.910236,0.919510,0.893838,0.638732,0.006707,0.931467,0.007515,0.900000,0.006707,0.724120,0.104202,0.122845,0.012540,True
1B_to_2B,7,bottom,2,2,0.898838,0.905013,0.888678,0.621979,0.004541,0.931467,0.005056,0.900000,0.004541,0.701135,0.066166,0.076636,0.007823,True
1B_to_2B,7,bottom,3,0,0.967001,0.970344,0.958990,0.705587,0.002207,0.931467,0.002565,0.900000,0.002207,0.728116,0.150082,0.177557,0.018125,True
1B_to_2B,7,bottom,3,1,0.962512,0.964723,0.956762,0.722353,0.001414,0.931467,0.001665,0.900000,0.001414,0.724120,0.104202,0.122845,0.012540,True
1B_to_2B,7,bottom,3,2,0.958632,0.960027,0.955286,0.705912,0.000920,0.931467,0.001070,0.900000,0.000920,0.701135,0.066166,0.076636,0.007823,True
1B_to_2B,8,top,-3,0,0.101094,0.113618,0.033909,0.842885,0.004553,0.931467,0.007061,0.900000,0.004553,0.728116,0.150082,0.177557,0.018125,True
1B_to_2B,8,top,-3,1,0.060492,0.066785,0.020621,0.863681,0.001677,0.931467,0.003129,0.900000,0.001677,0.724120,0.104202,0.122845,0.012540,True
1B_to_2B,8,top,-3,2,0.032073,0.035265,0.014335,0.847479,0.001099,0.931467,0.001758,0.900000,0.001099,0.701135,0.066166,0.076636,0.007823,True
1B_to_2B,8,top,-2,0,0.192569,0.218104,0.081169,0.813531,0.011841,0.931467,0.016150,0.900000,0.011841,0.728116,0.150082,0.177557,0.018125,True
1B_to_2B,8,top,-2,1,0.129414,0.143790,0.056070,0.836113,0.005604,0.931467,0.008364,0.900000,0.005604,0.724120,0.104202,0.122845,0.012540,True
1B_to_2B,8,top,-2,2,0.079770,0.087477,0.042410,0.829002,0.003200,0.931467,0.004618,0.900000,0.003200,0.701135,0.066166,0.076636,0.007823,True
1B_to_2B,8,top,-1,0,0.334271,0.395521,0.183939,0.710515,0.040092,0.931467,0.046750,0.900000,0.040092,0.728116,0.150082,0.177557,0.018125,True
1B_to_2B,8,top,-1,1,0.249997,0.290322,0.142524,0.727163,0.025545,0.931467,0.030196,0.900000,0.025545,0.724120,0.104202,0.122845,0.012540,True
1B_to_2B,8,top,-1,2,0.177470,0.202810,0.115325,0.710355,0.016591,0.931467,0.019344,0.900000,0.016591,0.701135,0.066166,0.076636,0.007823,True
1B_to_2B,8,top,0,0,0.567440,0.635091,0.446246,0.641765,0.048766,0.931467,0.054709,0.900000,0.048766,0.728116,0.150082,0.177557,0.018125,True
1B_to_2B,8,top,0,1,0.498094,0.544735,0.408626,0.657323,0.033031,0.931467,0.037313,0.900000,0.033031,0.724120,0.104202,0.122845,0.012540,True
1B_to_2B,8,top,0,2,0.436461,0.467211,0.381698,0.640410,0.022198,0.931467,0.024890,0.900000,0.022198,0.701135,0.066166,0.076636,0.007823,True
1B_to_2B,8,top,1,0,0.795172,0.823469,0.740250,0.659970,0.019975,0.931467,0.022594,0.900000,0.019975,0.728116,0.150082,0.177557,0.018125,True
1B_to_2B,8,top,1,1,0.763994,0.783309,0.723720,0.675862,0.013356,0.931467,0.015231,0.900000,0.013356,0.724120,0.104202,0.122845,0.012540,True
1B_to_2B,8,top,1,2,0.736449,0.749047,0.712134,0.658716,0.008907,0.931467,0.010068,0.900000,0.008907,0.701135,0.066166,0.076636,0.007823,True
1B_to_2B,8,top,2,0,0.892963,0.909501,0.862857,0.645444,0.011874,0.931467,0.013341,0.900000,0.011874,0.728116,0.150082,0.177557,0.018125,True
1B_to_2B,8,top,2,1,0.875849,0.887238,0.853530,0.662148,0.008017,0.931467,0.009079,0.900000,0.008017,0.724120,0.104202,0.122845,0.012540,True
1B_to_2B,8,top,2,2,0.860573,0.868054,0.846861,0.646994,0.005362,0.931467,0.006029,0.900000,0.005362,0.701135,0.066166,0.076636,0.007823,True
1B_to_2B,8,top,3,0,0.948276,0.956807,0.934807,0.612241,0.006331,0.931467,0.007023,0.900000,0.006331,0.728116,0.150082,0.177557,0.018125,True
1B_to_2B,8,top,3,1,0.940344,0.946300,0.930457,0.624030,0.004372,0.931467,0.004870,0.900000,0.004372,0.724120,0.104202,0.122845,0.012540,True
1B_to_2B,8,top,3,2,0.933363,0.937362,0.927257,0.604293,0.002988,0.931467,0.003306,0.900000,0.002988,0.701135,0.066166,0.076636,0.007823,True
1B_to_2B,8,bottom,-3,0,0.127423,0.144617,0.046590,0.824601,0.007391,0.931467,0.010476,0.900000,0.007391,0.728116,0.150082,0.177557,0.018125,True
1B_to_2B,8,bottom,-3,1,0.078786,0.088009,0.029958,0.841136,0.003417,0.931467,0.005245,0.900000,0.003417,0.724120,0.104202,0.122845,0.012540,True
1B_to_2B,8,bottom,-3,2,0.043991,0.049010,0.021707,0.816173,0.002289,0.931467,0.003148,0.900000,0.002289,0.701135,0.066166,0.076636,0.007823,True
1B_to_2B,8,bottom,-2,0,0.241317,0.269097,0.113076,0.821941,0.012179,0.931467,0.017087,0.900000,0.012179,0.728116,0.150082,0.177557,0.018125,True
1B_to_2B,8,bottom,-2,1,0.169780,0.185139,0.084106,0.847986,0.005255,0.931467,0.008435,0.900000,0.005255,0.724120,0.104202,0.122845,0.012540,True
1B_to_2B,8,bottom,-2,2,0.112515,0.120410,0.068382,0.848254,0.002692,0.931467,0.004329,0.900000,0.002692,0.701135,0.066166,0.076636,0.007823,True
1B_to_2B,8,bottom,-1,0,0.396251,0.475000,0.224758,0.685308,0.053725,0.931467,0.061599,0.900000,0.053725,0.728116,0.150082,0.177557,0.018125,True
1B_to_2B,8,bottom,-1,1,0.300280,0.353199,0.175085,0.702892,0.035108,0.931467,0.040712,0.900000,0.035108,0.724120,0.104202,0.122845,0.012540,True
1B_to_2B,8,bottom,-1,2,0.215721,0.249589,0.141246,0.687404,0.023033,0.931467,0.026443,0.900000,0.023033,0.701135,0.066166,0.076636,0.007823,True
1B_to_2B,8,bottom,0,0,0.677356,0.747485,0.564724,0.616279,0.051853,0.931467,0.057604,0.900000,0.051853,0.728116,0.150082,0.177557,0.018125,True
1B_to_2B,8,bottom,0,1,0.612718,0.661703,0.527917,0.633860,0.035606,0.931467,0.039816,0.900000,0.035606,0.724120,0.104202,0.122845,0.012540,True
1B_to_2B,8,bottom,0,2,0.554069,0.586723,0.500733,0.620259,0.024055,0.931467,0.026761,0.900000,0.024055,0.701135,0.066166,0.076636,0.007823,True
1B_to_2B,8,bottom,1,0,0.902864,0.921447,0.871041,0.631333,0.013543,0.931467,0.015129,0.900000,0.013543,0.728116,0.150082,0.177557,0.018125,True
1B_to_2B,8,bottom,1,1,0.884733,0.897624,0.860910,0.648898,0.009219,0.931467,0.010375,0.900000,0.009219,0.724120,0.104202,0.122845,0.012540,True
1B_to_2B,8,bottom,1,2,0.868365,0.876893,0.853548,0.634688,0.006194,0.931467,0.006928,0.900000,0.006194,0.701135,0.066166,0.076636,0.007823,True
1B_to_2B,8,bottom,2,0,0.963699,0.971004,0.952058,0.614435,0.005410,0.931467,0.006007,0.900000,0.005410,0.728116,0.150082,0.177557,0.018125,True
1B_to_2B,8,bottom,2,1,0.957011,0.962118,0.948241,0.631979,0.003719,0.931467,0.004156,0.900000,0.003719,0.724120,0.104202,0.122845,0.012540,True
1B_to_2B,8,bottom,2,2,0.950944,0.954351,0.945415,0.618709,0.002514,0.931467,0.002795,0.900000,0.002514,0.701135,0.066166,0.076636,0.007823,True
1B_to_2B,8,bottom,3,0,0.987114,0.989001,0.983978,0.624161,0.001386,0.931467,0.001543,0.900000,0.001386,0.728116,0.150082,0.177557,0.018125,True
1B_to_2B,8,bottom,3,1,0.985295,0.986608,0.982979,0.638265,0.000950,0.931467,0.001064,0.900000,0.000950,0.724120,0.104202,0.122845,0.012540,True
1B_to_2B,8,bottom,3,2,0.983685,0.984559,0.982248,0.621821,0.000643,0.931467,0.000716,0.900000,0.000643,0.701135,0.066166,0.076636,0.007823,True
1B_to_2B,9,top,-3,0,0.074596,0.081719,0.013867,0.895024,0.000338,0.931467,0.002473,0.900000,0.000338,0.728116,0.150082,0.177557,0.018125,True
1B_to_2B,9,top,-3,1,0.036346,0.038662,0.003654,0.933842,-0.001185,0.931467,-0.000083,0.900000,-0.001185,0.724120,0.104202,0.122845,0.012540,False
1B_to_2B,9,top,-3,2,0.011948,0.012580,0.000000,0.949784,-0.000626,0.931467,-0.000230,0.900000,-0.000626,0.701135,0.066166,0.076636,0.007823,False
1B_to_2B,9,top,-2,0,0.157918,0.173315,0.036113,0.887773,0.001678,0.931467,0.005994,0.900000,0.001678,0.728116,0.150082,0.177557,0.018125,True
1B_to_2B,9,top,-2,1,0.089982,0.096011,0.011516,0.928649,-0.002421,0.931467,0.000238,0.900000,-0.002421,0.724120,0.104202,0.122845,0.012540,True
1B_to_2B,9,top,-2,2,0.037718,0.039063,0.000000,0.965547,-0.002560,0.931467,-0.001332,0.900000,-0.002560,0.701135,0.066166,0.076636,0.007823,False
1B_to_2B,9,top,-1,0,0.285976,0.369420,0.091762,0.699473,0.055678,0.931467,0.064415,0.900000,0.055678,0.728116,0.150082,0.177557,0.018125,True
1B_to_2B,9,top,-1,1,0.177820,0.233318,0.036798,0.717594,0.035846,0.931467,0.042030,0.900000,0.035846,0.724120,0.104202,0.122845,0.012540,True
1B_to_2B,9,top,-1,2,0.083031,0.118138,0.000000,0.702829,0.023293,0.931467,0.027011,0.900000,0.023293,0.701135,0.066166,0.076636,0.007823,True
1B_to_2B,9,top,0,0,0.591290,0.679800,0.450942,0.613254,0.065624,0.931467,0.072826,0.900000,0.065624,0.728116,0.150082,0.177557,0.018125,True
1B_to_2B,9,top,0,1,0.510526,0.572425,0.404877,0.630563,0.045144,0.931467,0.050416,0.900000,0.045144,0.724120,0.104202,0.122845,0.012540,True
1B_to_2B,9,top,0,2,0.437293,0.478625,0.370759,0.616821,0.030545,0.931467,0.033940,0.900000,0.030545,0.701135,0.066166,0.076636,0.007823,True
1B_to_2B,9,top,1,0,0.875450,0.895971,0.837595,0.648466,0.014683,0.931467,0.016520,0.900000,0.014683,0.728116,0.150082,0.177557,0.018125,True
1B_to_2B,9,top,1,1,0.854012,0.868122,0.825907,0.665762,0.009888,0.931467,0.011217,0.900000,0.009888,0.724120,0.104202,0.122845,0.012540,True
1B_to_2B,9,top,1,2,0.834822,0.844070,0.817575,0.650923,0.006599,0.931467,0.007432,0.900000,0.006599,0.701135,0.066166,0.076636,0.007823,True
1B_to_2B,9,top,2,0,0.944223,0.955484,0.926844,0.606827,0.008396,0.931467,0.009298,0.900000,0.008396,0.728116,0.150082,0.177557,0.018125,True
1B_to_2B,9,top,2,1,0.934098,0.941989,0.921114,0.622011,0.005803,0.931467,0.006460,0.900000,0.005803,0.724120,0.104202,0.122845,0.012540,True
1B_to_2B,9,top,2,2,0.925009,0.930303,0.916854,0.606350,0.003949,0.931467,0.004372,0.900000,0.003949,0.701135,0.066166,0.076636,0.007823,True
1B_to_2B,9,top,3,0,0.980585,0.981967,0.975999,0.768546,0.000785,0.931467,0.000973,0.900000,0.000785,0.728116,0.150082,0.177557,0.018125,True
1B_to_2B,9,top,3,1,0.978058,0.978911,0.974846,0.790126,0.000447,0.931467,0.000574,0.900000,0.000447,0.724120,0.104202,0.122845,0.012540,True
1B_to_2B,9,top,3,2,0.975924,0.976421,0.974149,0.780996,0.000270,0.931467,0.000341,0.900000,0.000270,0.701135,0.066166,0.076636,0.007823,True
1B_to_2B,9,bottom,-3,0,0.089305,0.097894,0.016866,0.894001,0.000486,0.931467,0.003036,0.900000,0.000486,0.728116,0.150082,0.177557,0.018125,True
1B_to_2B,9,bottom,-3,1,0.044079,0.046919,0.004497,0.933056,-0.001402,0.931467,-0.000067,0.900000,-0.001402,0.724120,0.104202,0.122845,0.012540,False
1B_to_2B,9,bottom,-3,2,0.014703,0.015484,0.000000,0.949590,-0.000768,0.931467,-0.000280,0.900000,-0.000768,0.701135,0.066166,0.076636,0.007823,False
1B_to_2B,9,bottom,-2,0,0.188024,0.206423,0.043850,0.886825,0.002142,0.931467,0.007257,0.900000,0.002142,0.728116,0.150082,0.177557,0.018125,True
1B_to_2B,9,bottom,-2,1,0.108806,0.116140,0.014178,0.928072,-0.002862,0.931467,0.000346,0.900000,-0.002862,0.724120,0.104202,0.122845,0.012540,True
1B_to_2B,9,bottom,-2,2,0.046439,0.048056,0.000000,0.966353,-0.003189,0.931467,-0.001676,0.900000,-0.003189,0.701135,0.066166,0.076636,0.007823,False
1B_to_2B,9,bottom,-1,0,0.334832,0.439593,0.111201,0.680988,0.071922,0.931467,0.082255,0.900000,0.071922,0.728116,0.150082,0.177557,0.018125,True
1B_to_2B,9,bottom,-1,1,0.210889,0.281590,0.045342,0.700734,0.047076,0.931467,0.054510,0.900000,0.047076,0.724120,0.104202,0.122845,0.012540,True
1B_to_2B,9,bottom,-1,2,0.099860,0.145106,0.000000,0.688184,0.030736,0.931467,0.035301,0.900000,0.030736,0.701135,0.066166,0.076636,0.007823,True
1B_to_2B,9,bottom,0,0,0.698542,0.797561,0.565042,0.574148,0.075767,0.931467,0.083084,0.900000,0.075767,0.728116,0.150082,0.177557,0.018125,True
1B_to_2B,9,bottom,0,1,0.620736,0.691095,0.517716,0.594186,0.053022,0.931467,0.058477,0.900000,0.053022,0.724120,0.104202,0.122845,0.012540,True
1B_to_2B,9,bottom,0,2,0.548480,0.596160,0.481118,0.585546,0.036176,0.931467,0.039796,0.900000,0.036176,0.701135,0.066166,0.076636,0.007823,True
1B_to_2B,9,bottom,1,0,1.000000,1.000000,1.000000,NA,-0.000000,0.931467,0.000000,0.900000,-0.000000,0.728116,0.150082,0.177557,0.018125,False
1B_to_2B,9,bottom,1,1,1.000000,1.000000,1.000000,0.333333,0.000000,0.931467,0.000000,0.900000,0.000000,0.724120,0.104202,0.122845,0.012540,False
1B_to_2B,9,bottom,1,2,1.000000,1.000000,1.000000,NA,0.000000,0.931467,0.000000,0.900000,0.000000,0.701135,0.066166,0.076636,0.007823,False
1B_to_2B,9,bottom,2,0,1.000000,1.000000,1.000000,NA,-0.000000,0.931467,0.000000,0.900000,-0.000000,0.728116,0.150082,0.177557,0.018125,False
1B_to_2B,9,bottom,2,1,1.000000,1.000000,1.000000,0.333333,0.000000,0.931467,0.000000,0.900000,0.000000,0.724120,0.104202,0.122845,0.012540,False
1B_to_2B,9,bottom,2,2,1.000000,1.000000,1.000000,NA,0.000000,0.931467,0.000000,0.900000,0.000000,0.701135,0.066166,0.076636,0.007823,False
1B_to_2B,9,bottom,3,0,1.000000,1.000000,1.000000,NA,-0.000000,0.931467,0.000000,0.900000,-0.000000,0.728116,0.150082,0.177557,0.018125,False
1B_to_2B,9,bottom,3,1,1.000000,1.000000,1.000000,0.333333,0.000000,0.931467,0.000000,0.900000,0.000000,0.724120,0.104202,0.122845,0.012540,False
1B_to_2B,9,bottom,3,2,1.000000,1.000000,1.000000,NA,0.000000,0.931467,0.000000,0.900000,0.000000,0.701135,0.066166,0.076636,0.007823,False
