game_pk,home,maxi,inning,half,runs
776148,MIA,9,1,top,0
776148,MIA,9,1,bottom,0
776148,MIA,9,2,top,0
776148,MIA,9,2,bottom,0
776148,MIA,9,3,top,0
776148,MIA,9,3,bottom,0
776148,MIA,9,4,top,0
776148,MIA,9,4,bottom,4
776148,MIA,9,5,top,0
776148,MIA,9,5,bottom,0
776148,MIA,9,6,top,0
776148,MIA,9,6,bottom,0
776148,MIA,9,7,top,0
776148,MIA,9,7,bottom,0
776148,MIA,9,8,top,0
776148,MIA,9,8,bottom,0
776148,MIA,9,9,top,0
776148,MIA,9,9,bottom,NA
776161,MIA,9,1,top,1
776161,MIA,9,1,bottom,0
776161,MIA,9,2,top,0
776161,MIA,9,2,bottom,0
776161,MIA,9,3,top,1
776161,MIA,9,3,bottom,0
776161,MIA,9,4,top,0
776161,MIA,9,4,bottom,0
776161,MIA,9,5,top,0
776161,MIA,9,5,bottom,0
776161,MIA,9,6,top,1
776161,MIA,9,6,bottom,0
776161,MIA,9,7,top,0
776161,MIA,9,7,bottom,0
776161,MIA,9,8,top,0
776161,MIA,9,8,bottom,0
776161,MIA,9,9,top,2
776161,MIA,9,9,bottom,0
776173,MIA,9,1,top,2
776173,MIA,9,1,bottom,0
776173,MIA,9,2,top,0
776173,MIA,9,2,bottom,0
776173,MIA,9,3,top,0
776173,MIA,9,3,bottom,0
776173,MIA,9,4,top,0
776173,MIA,9,4,bottom,0
776173,MIA,9,5,top,0
776173,MIA,9,5,bottom,6
776173,MIA,9,6,top,0
776173,MIA,9,6,bottom,0
776173,MIA,9,7,top,0
776173,MIA,9,7,bottom,0
776173,MIA,9,8,top,0
776173,MIA,9,8,bottom,0
776173,MIA,9,9,top,0
776173,MIA,9,9,bottom,NA
776188,PHI,9,1,top,0
776188,PHI,9,1,bottom,1
776188,PHI,9,2,top,0
776188,PHI,9,2,bottom,0
776188,PHI,9,3,top,0
776188,PHI,9,3,bottom,0
776188,PHI,9,4,top,0
776188,PHI,9,4,bottom,0
776188,PHI,9,5,top,0
776188,PHI,9,5,bottom,0
776188,PHI,9,6,top,0
776188,PHI,9,6,bottom,0
776188,PHI,9,7,top,0
776188,PHI,9,7,bottom,0
776188,PHI,9,8,top,0
776188,PHI,9,8,bottom,0
776188,PHI,9,9,top,0
776188,PHI,9,9,bottom,NA
776201,PHI,9,1,top,0
776201,PHI,9,1,bottom,0
776201,PHI,9,2,top,1
776201,PHI,9,2,bottom,0
776201,PHI,9,3,top,0
776201,PHI,9,3,bottom,1
776201,PHI,9,4,top,0
776201,PHI,9,4,bottom,2
776201,PHI,9,5,top,0
776201,PHI,9,5,bottom,3
776201,PHI,9,6,top,0
776201,PHI,9,6,bottom,0
776201,PHI,9,7,top,0
776201,PHI,9,7,bottom,5
776201,PHI,9,8,top,0
776201,PHI,9,8,bottom,0
776201,PHI,9,9,top,0
776201,PHI,9,9,bottom,NA
776215,PHI,11,1,top,0
776215,PHI,11,1,bottom,1
776215,PHI,11,2,top,0
776215,PHI,11,2,bottom,2
776215,PHI,11,3,top,0
776215,PHI,11,3,bottom,0
776215,PHI,11,4,top,0
776215,PHI,11,4,bottom,0
776215,PHI,11,5,top,0
776215,PHI,11,5,bottom,0
776215,PHI,11,6,top,0
776215,PHI,11,6,bottom,0
776215,PHI,11,7,top,0
776215,PHI,11,7,bottom,0
776215,PHI,11,8,top,2
776215,PHI,11,8,bottom,0
776215,PHI,11,9,top,1
776215,PHI,11,9,bottom,0
776215,PHI,11,10,top,2
776215,PHI,11,10,bottom,2
776215,PHI,11,11,top,1
776215,PHI,11,11,bottom,0
776226,TEX,9,1,top,0
776226,TEX,9,1,bottom,0
776226,TEX,9,2,top,0
776226,TEX,9,2,bottom,0
776226,TEX,9,3,top,0
776226,TEX,9,3,bottom,0
776226,TEX,9,4,top,2
776226,TEX,9,4,bottom,0
776226,TEX,9,5,top,1
776226,TEX,9,5,bottom,0
776226,TEX,9,6,top,0
776226,TEX,9,6,bottom,2
776226,TEX,9,7,top,1
776226,TEX,9,7,bottom,0
776226,TEX,9,8,top,0
776226,TEX,9,8,bottom,0
776226,TEX,9,9,top,0
776226,TEX,9,9,bottom,0
776242,TEX,9,1,top,0
776242,TEX,9,1,bottom,0
776242,TEX,9,2,top,1
776242,TEX,9,2,bottom,0
776242,TEX,9,3,top,0
776242,TEX,9,3,bottom,2
776242,TEX,9,4,top,1
776242,TEX,9,4,bottom,0
776242,TEX,9,5,top,0
776242,TEX,9,5,bottom,0
776242,TEX,9,6,top,2
776242,TEX,9,6,bottom,0
776242,TEX,9,7,top,0
776242,TEX,9,7,bottom,0
776242,TEX,9,8,top,0
776242,TEX,9,8,bottom,0
776242,TEX,9,9,top,0
776242,TEX,9,9,bottom,1
776251,TEX,12,1,top,0
776251,TEX,12,1,bottom,0
776251,TEX,12,2,top,0
776251,TEX,12,2,bottom,1
776251,TEX,12,3,top,0
776251,TEX,12,3,bottom,0
776251,TEX,12,4,top,0
776251,TEX,12,4,bottom,0
776251,TEX,12,5,top,0
776251,TEX,12,5,bottom,0
776251,TEX,12,6,top,0
776251,TEX,12,6,bottom,0
776251,TEX,12,7,top,1
776251,TEX,12,7,bottom,0
776251,TEX,12,8,top,0
776251,TEX,12,8,bottom,0
776251,TEX,12,9,top,0
776251,TEX,12,9,bottom,0
776251,TEX,12,10,top,2
776251,TEX,12,10,bottom,2
776251,TEX,12,11,top,0
776251,TEX,12,11,bottom,0
776251,TEX,12,12,top,3
776251,TEX,12,12,bottom,1
776270,COL,9,1,top,0
776270,COL,9,1,bottom,0
776270,COL,9,2,top,1
776270,COL,9,2,bottom,2
776270,COL,9,3,top,3
776270,COL,9,3,bottom,0
776270,COL,9,4,top,0
776270,COL,9,4,bottom,0
776270,COL,9,5,top,0
776270,COL,9,5,bottom,0
776270,COL,9,6,top,0
776270,COL,9,6,bottom,0
776270,COL,9,7,top,2
776270,COL,9,7,bottom,1
776270,COL,9,8,top,1
776270,COL,9,8,bottom,0
776270,COL,9,9,top,2
776270,COL,9,9,bottom,4
776277,COL,9,1,top,0
776277,COL,9,1,bottom,0
776277,COL,9,2,top,0
776277,COL,9,2,bottom,2
776277,COL,9,3,top,1
776277,COL,9,3,bottom,0
776277,COL,9,4,top,2
776277,COL,9,4,bottom,1
776277,COL,9,5,top,0
776277,COL,9,5,bottom,0
776277,COL,9,6,top,1
776277,COL,9,6,bottom,0
776277,COL,9,7,top,1
776277,COL,9,7,bottom,0
776277,COL,9,8,top,2
776277,COL,9,8,bottom,0
776277,COL,9,9,top,1
776277,COL,9,9,bottom,1
776293,COL,9,1,top,0
776293,COL,9,1,bottom,0
776293,COL,9,2,top,0
776293,COL,9,2,bottom,0
776293,COL,9,3,top,3
776293,COL,9,3,bottom,0
776293,COL,9,4,top,0
776293,COL,9,4,bottom,0
776293,COL,9,5,top,0
776293,COL,9,5,bottom,0
776293,COL,9,6,top,3
776293,COL,9,6,bottom,0
776293,COL,9,7,top,0
776293,COL,9,7,bottom,0
776293,COL,9,8,top,0
776293,COL,9,8,bottom,3
776293,COL,9,9,top,0
776293,COL,9,9,bottom,2
776332,MIA,9,1,top,0
776332,MIA,9,1,bottom,0
776332,MIA,9,2,top,2
776332,MIA,9,2,bottom,0
776332,MIA,9,3,top,0
776332,MIA,9,3,bottom,0
776332,MIA,9,4,top,0
776332,MIA,9,4,bottom,0
776332,MIA,9,5,top,0
776332,MIA,9,5,bottom,0
776332,MIA,9,6,top,0
776332,MIA,9,6,bottom,0
776332,MIA,9,7,top,0
776332,MIA,9,7,bottom,0
776332,MIA,9,8,top,0
776332,MIA,9,8,bottom,0
776332,MIA,9,9,top,0
776332,MIA,9,9,bottom,0
776347,MIA,11,1,top,0
776347,MIA,11,1,bottom,1
776347,MIA,11,2,top,0
776347,MIA,11,2,bottom,1
776347,MIA,11,3,top,2
776347,MIA,11,3,bottom,0
776347,MIA,11,4,top,0
776347,MIA,11,4,bottom,0
776347,MIA,11,5,top,1
776347,MIA,11,5,bottom,0
776347,MIA,11,6,top,0
776347,MIA,11,6,bottom,1
776347,MIA,11,7,top,0
776347,MIA,11,7,bottom,0
776347,MIA,11,8,top,0
776347,MIA,11,8,bottom,0
776347,MIA,11,9,top,0
776347,MIA,11,9,bottom,0
776347,MIA,11,10,top,0
776347,MIA,11,10,bottom,0
776347,MIA,11,11,top,1
776347,MIA,11,11,bottom,3
776366,MIA,9,1,top,0
776366,MIA,9,1,bottom,1
776366,MIA,9,2,top,0
776366,MIA,9,2,bottom,2
776366,MIA,9,3,top,0
776366,MIA,9,3,bottom,0
776366,MIA,9,4,top,1
776366,MIA,9,4,bottom,2
776366,MIA,9,5,top,0
776366,MIA,9,5,bottom,0
776366,MIA,9,6,top,0
776366,MIA,9,6,bottom,3
776366,MIA,9,7,top,1
776366,MIA,9,7,bottom,0
776366,MIA,9,8,top,0
776366,MIA,9,8,bottom,0
776366,MIA,9,9,top,0
776366,MIA,9,9,bottom,NA
776367,MIA,9,1,top,0
776367,MIA,9,1,bottom,2
776367,MIA,9,2,top,0
776367,MIA,9,2,bottom,0
776367,MIA,9,3,top,0
776367,MIA,9,3,bottom,0
776367,MIA,9,4,top,0
776367,MIA,9,4,bottom,0
776367,MIA,9,5,top,0
776367,MIA,9,5,bottom,0
776367,MIA,9,6,top,0
776367,MIA,9,6,bottom,0
776367,MIA,9,7,top,0
776367,MIA,9,7,bottom,0
776367,MIA,9,8,top,0
776367,MIA,9,8,bottom,3
776367,MIA,9,9,top,0
776367,MIA,9,9,bottom,NA
776386,MIA,9,1,top,0
776386,MIA,9,1,bottom,0
776386,MIA,9,2,top,0
776386,MIA,9,2,bottom,0
776386,MIA,9,3,top,1
776386,MIA,9,3,bottom,0
776386,MIA,9,4,top,0
776386,MIA,9,4,bottom,0
776386,MIA,9,5,top,0
776386,MIA,9,5,bottom,0
776386,MIA,9,6,top,2
776386,MIA,9,6,bottom,4
776386,MIA,9,7,top,0
776386,MIA,9,7,bottom,1
776386,MIA,9,8,top,0
776386,MIA,9,8,bottom,3
776386,MIA,9,9,top,0
776386,MIA,9,9,bottom,NA
776397,MIA,9,1,top,3
776397,MIA,9,1,bottom,0
776397,MIA,9,2,top,0
776397,MIA,9,2,bottom,1
776397,MIA,9,3,top,0
776397,MIA,9,3,bottom,0
776397,MIA,9,4,top,2
776397,MIA,9,4,bottom,0
776397,MIA,9,5,top,1
776397,MIA,9,5,bottom,0
776397,MIA,9,6,top,1
776397,MIA,9,6,bottom,0
776397,MIA,9,7,top,0
776397,MIA,9,7,bottom,0
776397,MIA,9,8,top,0
776397,MIA,9,8,bottom,1
776397,MIA,9,9,top,0
776397,MIA,9,9,bottom,3
776409,MIA,9,1,top,0
776409,MIA,9,1,bottom,0
776409,MIA,9,2,top,1
776409,MIA,9,2,bottom,1
776409,MIA,9,3,top,0
776409,MIA,9,3,bottom,0
776409,MIA,9,4,top,1
776409,MIA,9,4,bottom,0
776409,MIA,9,5,top,6
776409,MIA,9,5,bottom,1
776409,MIA,9,6,top,3
776409,MIA,9,6,bottom,0
776409,MIA,9,7,top,2
776409,MIA,9,7,bottom,0
776409,MIA,9,8,top,0
776409,MIA,9,8,bottom,4
776409,MIA,9,9,top,2
776409,MIA,9,9,bottom,1
776426,MIA,9,1,top,0
776426,MIA,9,1,bottom,4
776426,MIA,9,2,top,1
776426,MIA,9,2,bottom,0
776426,MIA,9,3,top,0
776426,MIA,9,3,bottom,0
776426,MIA,9,4,top,0
776426,MIA,9,4,bottom,0
776426,MIA,9,5,top,0
776426,MIA,9,5,bottom,0
776426,MIA,9,6,top,2
776426,MIA,9,6,bottom,0
776426,MIA,9,7,top,0
776426,MIA,9,7,bottom,1
776426,MIA,9,8,top,0
776426,MIA,9,8,bottom,0
776426,MIA,9,9,top,1
776426,MIA,9,9,bottom,NA
776433,MIA,9,1,top,2
776433,MIA,9,1,bottom,0
776433,MIA,9,2,top,0
776433,MIA,9,2,bottom,0
776433,MIA,9,3,top,0
776433,MIA,9,3,bottom,0
776433,MIA,9,4,top,2
776433,MIA,9,4,bottom,2
776433,MIA,9,5,top,0
776433,MIA,9,5,bottom,0
776433,MIA,9,6,top,0
776433,MIA,9,6,bottom,0
776433,MIA,9,7,top,0
776433,MIA,9,7,bottom,0
776433,MIA,9,8,top,0
776433,MIA,9,8,bottom,0
776433,MIA,9,9,top,0
776433,MIA,9,9,bottom,0
776456,MIA,9,1,top,1
776456,MIA,9,1,bottom,0
776456,MIA,9,2,top,1
776456,MIA,9,2,bottom,0
776456,MIA,9,3,top,0
776456,MIA,9,3,bottom,1
776456,MIA,9,4,top,3
776456,MIA,9,4,bottom,0
776456,MIA,9,5,top,0
776456,MIA,9,5,bottom,0
776456,MIA,9,6,top,0
776456,MIA,9,6,bottom,0
776456,MIA,9,7,top,4
776456,MIA,9,7,bottom,0
776456,MIA,9,8,top,0
776456,MIA,9,8,bottom,2
776456,MIA,9,9,top,0
776456,MIA,9,9,bottom,0
776477,WSH,9,1,top,0
776477,WSH,9,1,bottom,3
776477,WSH,9,2,top,0
776477,WSH,9,2,bottom,2
776477,WSH,9,3,top,0
776477,WSH,9,3,bottom,0
776477,WSH,9,4,top,0
776477,WSH,9,4,bottom,2
776477,WSH,9,5,top,4
776477,WSH,9,5,bottom,0
776477,WSH,9,6,top,0
776477,WSH,9,6,bottom,1
776477,WSH,9,7,top,0
776477,WSH,9,7,bottom,0
776477,WSH,9,8,top,1
776477,WSH,9,8,bottom,2
776477,WSH,9,9,top,0
776477,WSH,9,9,bottom,NA
776482,WSH,9,1,top,0
776482,WSH,9,1,bottom,0
776482,WSH,9,2,top,0
776482,WSH,9,2,bottom,2
776482,WSH,9,3,top,0
776482,WSH,9,3,bottom,1
776482,WSH,9,4,top,2
776482,WSH,9,4,bottom,2
776482,WSH,9,5,top,0
776482,WSH,9,5,bottom,0
776482,WSH,9,6,top,0
776482,WSH,9,6,bottom,0
776482,WSH,9,7,top,0
776482,WSH,9,7,bottom,0
776482,WSH,9,8,top,0
776482,WSH,9,8,bottom,0
776482,WSH,9,9,top,0
776482,WSH,9,9,bottom,NA
776498,WSH,9,1,top,0
776498,WSH,9,1,bottom,0
776498,WSH,9,2,top,0
776498,WSH,9,2,bottom,2
776498,WSH,9,3,top,0
776498,WSH,9,3,bottom,0
776498,WSH,9,4,top,0
776498,WSH,9,4,bottom,0
776498,WSH,9,5,top,0
776498,WSH,9,5,bottom,0
776498,WSH,9,6,top,0
776498,WSH,9,6,bottom,0
776498,WSH,9,7,top,0
776498,WSH,9,7,bottom,0
776498,WSH,9,8,top,0
776498,WSH,9,8,bottom,0
776498,WSH,9,9,top,0
776498,WSH,9,9,bottom,NA
776519,NYM,9,1,top,1
776519,NYM,9,1,bottom,0
776519,NYM,9,2,top,0
776519,NYM,9,2,bottom,0
776519,NYM,9,3,top,2
776519,NYM,9,3,bottom,0
776519,NYM,9,4,top,1
776519,NYM,9,4,bottom,0
776519,NYM,9,5,top,1
776519,NYM,9,5,bottom,0
776519,NYM,9,6,top,0
776519,NYM,9,6,bottom,0
776519,NYM,9,7,top,0
776519,NYM,9,7,bottom,1
776519,NYM,9,8,top,0
776519,NYM,9,8,bottom,0
776519,NYM,9,9,top,0
776519,NYM,9,9,bottom,0
776535,NYM,9,1,top,5
776535,NYM,9,1,bottom,1
776535,NYM,9,2,top,0
776535,NYM,9,2,bottom,1
776535,NYM,9,3,top,3
776535,NYM,9,3,bottom,3
776535,NYM,9,4,top,0
776535,NYM,9,4,bottom,1
776535,NYM,9,5,top,0
776535,NYM,9,5,bottom,0
776535,NYM,9,6,top,0
776535,NYM,9,6,bottom,2
776535,NYM,9,7,top,1
776535,NYM,9,7,bottom,0
776535,NYM,9,8,top,0
776535,NYM,9,8,bottom,0
776535,NYM,9,9,top,2
776535,NYM,9,9,bottom,0
776548,NYM,9,1,top,0
776548,NYM,9,1,bottom,5
776548,NYM,9,2,top,0
776548,NYM,9,2,bottom,7
776548,NYM,9,3,top,0
776548,NYM,9,3,bottom,0
776548,NYM,9,4,top,0
776548,NYM,9,4,bottom,0
776548,NYM,9,5,top,4
776548,NYM,9,5,bottom,0
776548,NYM,9,6,top,0
776548,NYM,9,6,bottom,1
776548,NYM,9,7,top,0
776548,NYM,9,7,bottom,0
776548,NYM,9,8,top,1
776548,NYM,9,8,bottom,6
776548,NYM,9,9,top,4
776548,NYM,9,9,bottom,NA
776558,NYM,9,1,top,1
776558,NYM,9,1,bottom,2
776558,NYM,9,2,top,0
776558,NYM,9,2,bottom,0
776558,NYM,9,3,top,3
776558,NYM,9,3,bottom,0
776558,NYM,9,4,top,0
776558,NYM,9,4,bottom,0
776558,NYM,9,5,top,0
776558,NYM,9,5,bottom,2
776558,NYM,9,6,top,0
776558,NYM,9,6,bottom,0
776558,NYM,9,7,top,3
776558,NYM,9,7,bottom,0
776558,NYM,9,8,top,0
776558,NYM,9,8,bottom,0
776558,NYM,9,9,top,0
776558,NYM,9,9,bottom,0
776565,MIA,9,1,top,1
776565,MIA,9,1,bottom,0
776565,MIA,9,2,top,0
776565,MIA,9,2,bottom,0
776565,MIA,9,3,top,5
776565,MIA,9,3,bottom,0
776565,MIA,9,4,top,3
776565,MIA,9,4,bottom,0
776565,MIA,9,5,top,0
776565,MIA,9,5,bottom,1
776565,MIA,9,6,top,2
776565,MIA,9,6,bottom,0
776565,MIA,9,7,top,1
776565,MIA,9,7,bottom,0
776565,MIA,9,8,top,0
776565,MIA,9,8,bottom,0
776565,MIA,9,9,top,0
776565,MIA,9,9,bottom,0
776581,MIA,9,1,top,1
776581,MIA,9,1,bottom,1
776581,MIA,9,2,top,0
776581,MIA,9,2,bottom,0
776581,MIA,9,3,top,0
776581,MIA,9,3,bottom,0
776581,MIA,9,4,top,1
776581,MIA,9,4,bottom,0
776581,MIA,9,5,top,0
776581,MIA,9,5,bottom,0
776581,MIA,9,6,top,0
776581,MIA,9,6,bottom,0
776581,MIA,9,7,top,0
776581,MIA,9,7,bottom,1
776581,MIA,9,8,top,0
776581,MIA,9,8,bottom,0
776581,MIA,9,9,top,9
776581,MIA,9,9,bottom,0
776600,MIA,9,1,top,0
776600,MIA,9,1,bottom,0
776600,MIA,9,2,top,0
776600,MIA,9,2,bottom,0
776600,MIA,9,3,top,0
776600,MIA,9,3,bottom,0
776600,MIA,9,4,top,0
776600,MIA,9,4,bottom,0
776600,MIA,9,5,top,0
776600,MIA,9,5,bottom,1
776600,MIA,9,6,top,0
776600,MIA,9,6,bottom,0
776600,MIA,9,7,top,0
776600,MIA,9,7,bottom,0
776600,MIA,9,8,top,0
776600,MIA,9,8,bottom,1
776600,MIA,9,9,top,1
776600,MIA,9,9,bottom,NA
776614,MIA,9,1,top,0
776614,MIA,9,1,bottom,0
776614,MIA,9,2,top,0
776614,MIA,9,2,bottom,0
776614,MIA,9,3,top,0
776614,MIA,9,3,bottom,1
776614,MIA,9,4,top,0
776614,MIA,9,4,bottom,0
776614,MIA,9,5,top,0
776614,MIA,9,5,bottom,3
776614,MIA,9,6,top,0
776614,MIA,9,6,bottom,0
776614,MIA,9,7,top,3
776614,MIA,9,7,bottom,1
776614,MIA,9,8,top,0
776614,MIA,9,8,bottom,0
776614,MIA,9,9,top,0
776614,MIA,9,9,bottom,NA
776630,MIA,12,1,top,0
776630,MIA,12,1,bottom,0
776630,MIA,12,2,top,0
776630,MIA,12,2,bottom,0
776630,MIA,12,3,top,1
776630,MIA,12,3,bottom,0
776630,MIA,12,4,top,0
776630,MIA,12,4,bottom,0
776630,MIA,12,5,top,0
776630,MIA,12,5,bottom,0
776630,MIA,12,6,top,2
776630,MIA,12,6,bottom,0
776630,MIA,12,7,top,1
776630,MIA,12,7,bottom,3
776630,MIA,12,8,top,0
776630,MIA,12,8,bottom,0
776630,MIA,12,9,top,0
776630,MIA,12,9,bottom,1
776630,MIA,12,10,top,1
776630,MIA,12,10,bottom,1
776630,MIA,12,11,top,1
776630,MIA,12,11,bottom,1
776630,MIA,12,12,top,1
776630,MIA,12,12,bottom,0
776646,MIA,9,1,top,3
776646,MIA,9,1,bottom,0
776646,MIA,9,2,top,0
776646,MIA,9,2,bottom,1
776646,MIA,9,3,top,0
776646,MIA,9,3,bottom,0
776646,MIA,9,4,top,0
776646,MIA,9,4,bottom,0
776646,MIA,9,5,top,0
776646,MIA,9,5,bottom,0
776646,MIA,9,6,top,2
776646,MIA,9,6,bottom,0
776646,MIA,9,7,top,0
776646,MIA,9,7,bottom,0
776646,MIA,9,8,top,0
776646,MIA,9,8,bottom,1
776646,MIA,9,9,top,0
776646,MIA,9,9,bottom,0
776670,MIA,9,1,top,0
776670,MIA,9,1,bottom,0
776670,MIA,9,2,top,0
776670,MIA,9,2,bottom,1
776670,MIA,9,3,top,0
776670,MIA,9,3,bottom,2
776670,MIA,9,4,top,0
776670,MIA,9,4,bottom,0
776670,MIA,9,5,top,1
776670,MIA,9,5,bottom,1
776670,MIA,9,6,top,1
776670,MIA,9,6,bottom,1
776670,MIA,9,7,top,0
776670,MIA,9,7,bottom,0
776670,MIA,9,8,top,0
776670,MIA,9,8,bottom,1
776670,MIA,9,9,top,0
776670,MIA,9,9,bottom,NA
776686,MIA,9,1,top,1
776686,MIA,9,1,bottom,0
776686,MIA,9,2,top,2
776686,MIA,9,2,bottom,0
776686,MIA,9,3,top,1
776686,MIA,9,3,bottom,0
776686,MIA,9,4,top,0
776686,MIA,9,4,bottom,2
776686,MIA,9,5,top,2
776686,MIA,9,5,bottom,0
776686,MIA,9,6,top,0
776686,MIA,9,6,bottom,2
776686,MIA,9,7,top,1
776686,MIA,9,7,bottom,0
776686,MIA,9,8,top,0
776686,MIA,9,8,bottom,0
776686,MIA,9,9,top,0
776686,MIA,9,9,bottom,0
776688,MIA,9,1,top,0
776688,MIA,9,1,bottom,1
776688,MIA,9,2,top,0
776688,MIA,9,2,bottom,0
776688,MIA,9,3,top,0
776688,MIA,9,3,bottom,0
776688,MIA,9,4,top,0
776688,MIA,9,4,bottom,1
776688,MIA,9,5,top,3
776688,MIA,9,5,bottom,0
776688,MIA,9,6,top,0
776688,MIA,9,6,bottom,1
776688,MIA,9,7,top,1
776688,MIA,9,7,bottom,0
776688,MIA,9,8,top,1
776688,MIA,9,8,bottom,0
776688,MIA,9,9,top,3
776688,MIA,9,9,bottom,0
776714,BOS,9,1,top,0
776714,BOS,9,1,bottom,0
776714,BOS,9,2,top,0
776714,BOS,9,2,bottom,0
776714,BOS,9,3,top,1
776714,BOS,9,3,bottom,0
776714,BOS,9,4,top,0
776714,BOS,9,4,bottom,2
776714,BOS,9,5,top,0
776714,BOS,9,5,bottom,0
776714,BOS,9,6,top,0
776714,BOS,9,6,bottom,0
776714,BOS,9,7,top,0
776714,BOS,9,7,bottom,1
776714,BOS,9,8,top,1
776714,BOS,9,8,bottom,0
776714,BOS,9,9,top,3
776714,BOS,9,9,bottom,0
776724,BOS,9,1,top,0
776724,BOS,9,1,bottom,2
776724,BOS,9,2,top,0
776724,BOS,9,2,bottom,0
776724,BOS,9,3,top,0
776724,BOS,9,3,bottom,4
776724,BOS,9,4,top,0
776724,BOS,9,4,bottom,1
776724,BOS,9,5,top,1
776724,BOS,9,5,bottom,0
776724,BOS,9,6,top,0
776724,BOS,9,6,bottom,0
776724,BOS,9,7,top,1
776724,BOS,9,7,bottom,0
776724,BOS,9,8,top,0
776724,BOS,9,8,bottom,0
776724,BOS,9,9,top,3
776724,BOS,9,9,bottom,NA
776741,BOS,9,1,top,0
776741,BOS,9,1,bottom,0
776741,BOS,9,2,top,0
776741,BOS,9,2,bottom,0
776741,BOS,9,3,top,1
776741,BOS,9,3,bottom,0
776741,BOS,9,4,top,0
776741,BOS,9,4,bottom,0
776741,BOS,9,5,top,0
776741,BOS,9,5,bottom,0
776741,BOS,9,6,top,0
776741,BOS,9,6,bottom,1
776741,BOS,9,7,top,0
776741,BOS,9,7,bottom,0
776741,BOS,9,8,top,0
776741,BOS,9,8,bottom,0
776741,BOS,9,9,top,0
776741,BOS,9,9,bottom,1
776745,CLE,9,1,top,3
776745,CLE,9,1,bottom,3
776745,CLE,9,2,top,0
776745,CLE,9,2,bottom,0
776745,CLE,9,3,top,0
776745,CLE,9,3,bottom,0
776745,CLE,9,4,top,1
776745,CLE,9,4,bottom,0
776745,CLE,9,5,top,0
776745,CLE,9,5,bottom,2
776745,CLE,9,6,top,0
776745,CLE,9,6,bottom,0
776745,CLE,9,7,top,0
776745,CLE,9,7,bottom,4
776745,CLE,9,8,top,0
776745,CLE,9,8,bottom,0
776745,CLE,9,9,top,0
776745,CLE,9,9,bottom,NA
776766,CLE,9,1,top,4
776766,CLE,9,1,bottom,1
776766,CLE,9,2,top,0
776766,CLE,9,2,bottom,0
776766,CLE,9,3,top,0
776766,CLE,9,3,bottom,0
776766,CLE,9,4,top,0
776766,CLE,9,4,bottom,3
776766,CLE,9,5,top,2
776766,CLE,9,5,bottom,0
776766,CLE,9,6,top,5
776766,CLE,9,6,bottom,0
776766,CLE,9,7,top,2
776766,CLE,9,7,bottom,0
776766,CLE,9,8,top,0
776766,CLE,9,8,bottom,0
776766,CLE,9,9,top,0
776766,CLE,9,9,bottom,0
776778,CLE,9,1,top,0
776778,CLE,9,1,bottom,2
776778,CLE,9,2,top,0
776778,CLE,9,2,bottom,1
776778,CLE,9,3,top,0
776778,CLE,9,3,bottom,0
776778,CLE,9,4,top,0
776778,CLE,9,4,bottom,0
776778,CLE,9,5,top,3
776778,CLE,9,5,bottom,0
776778,CLE,9,6,top,0
776778,CLE,9,6,bottom,0
776778,CLE,9,7,top,0
776778,CLE,9,7,bottom,0
776778,CLE,9,8,top,0
776778,CLE,9,8,bottom,1
776778,CLE,9,9,top,0
776778,CLE,9,9,bottom,NA
776803,ATL,9,1,top,0
776803,ATL,9,1,bottom,0
776803,ATL,9,2,top,1
776803,ATL,9,2,bottom,0
776803,ATL,9,3,top,0
776803,ATL,9,3,bottom,0
776803,ATL,9,4,top,0
776803,ATL,9,4,bottom,1
776803,ATL,9,5,top,0
776803,ATL,9,5,bottom,2
776803,ATL,9,6,top,0
776803,ATL,9,6,bottom,0
776803,ATL,9,7,top,0
776803,ATL,9,7,bottom,4
776803,ATL,9,8,top,0
776803,ATL,9,8,bottom,0
776803,ATL,9,9,top,0
776803,ATL,9,9,bottom,NA
776819,ATL,9,1,top,0
776819,ATL,9,1,bottom,0
776819,ATL,9,2,top,0
776819,ATL,9,2,bottom,0
776819,ATL,9,3,top,0
776819,ATL,9,3,bottom,0
776819,ATL,9,4,top,4
776819,ATL,9,4,bottom,1
776819,ATL,9,5,top,0
776819,ATL,9,5,bottom,4
776819,ATL,9,6,top,0
776819,ATL,9,6,bottom,3
776819,ATL,9,7,top,2
776819,ATL,9,7,bottom,0
776819,ATL,9,8,top,0
776819,ATL,9,8,bottom,0
776819,ATL,9,9,top,0
776819,ATL,9,9,bottom,NA
776834,ATL,9,1,top,0
776834,ATL,9,1,bottom,0
776834,ATL,9,2,top,0
776834,ATL,9,2,bottom,0
776834,ATL,9,3,top,1
776834,ATL,9,3,bottom,0
776834,ATL,9,4,top,2
776834,ATL,9,4,bottom,0
776834,ATL,9,5,top,2
776834,ATL,9,5,bottom,0
776834,ATL,9,6,top,0
776834,ATL,9,6,bottom,1
776834,ATL,9,7,top,0
776834,ATL,9,7,bottom,0
776834,ATL,9,8,top,0
776834,ATL,9,8,bottom,0
776834,ATL,9,9,top,0
776834,ATL,9,9,bottom,0
776842,ATL,9,1,top,0
776842,ATL,9,1,bottom,2
776842,ATL,9,2,top,5
776842,ATL,9,2,bottom,0
776842,ATL,9,3,top,0
776842,ATL,9,3,bottom,0
776842,ATL,9,4,top,1
776842,ATL,9,4,bottom,0
776842,ATL,9,5,top,0
776842,ATL,9,5,bottom,0
776842,ATL,9,6,top,0
776842,ATL,9,6,bottom,3
776842,ATL,9,7,top,0
776842,ATL,9,7,bottom,2
776842,ATL,9,8,top,0
776842,ATL,9,8,bottom,1
776842,ATL,9,9,top,0
776842,ATL,9,9,bottom,NA
776849,MIA,9,1,top,2
776849,MIA,9,1,bottom,3
776849,MIA,9,2,top,0
776849,MIA,9,2,bottom,1
776849,MIA,9,3,top,0
776849,MIA,9,3,bottom,1
776849,MIA,9,4,top,0
776849,MIA,9,4,bottom,0
776849,MIA,9,5,top,1
776849,MIA,9,5,bottom,1
776849,MIA,9,6,top,1
776849,MIA,9,6,bottom,0
776849,MIA,9,7,top,0
776849,MIA,9,7,bottom,0
776849,MIA,9,8,top,0
776849,MIA,9,8,bottom,0
776849,MIA,9,9,top,0
776849,MIA,9,9,bottom,NA
776862,MIA,9,1,top,2
776862,MIA,9,1,bottom,0
776862,MIA,9,2,top,0
776862,MIA,9,2,bottom,1
776862,MIA,9,3,top,0
776862,MIA,9,3,bottom,0
776862,MIA,9,4,top,2
776862,MIA,9,4,bottom,0
776862,MIA,9,5,top,3
776862,MIA,9,5,bottom,1
776862,MIA,9,6,top,0
776862,MIA,9,6,bottom,0
776862,MIA,9,7,top,0
776862,MIA,9,7,bottom,1
776862,MIA,9,8,top,0
776862,MIA,9,8,bottom,0
776862,MIA,9,9,top,0
776862,MIA,9,9,bottom,0
776875,MIA,9,1,top,0
776875,MIA,9,1,bottom,0
776875,MIA,9,2,top,0
776875,MIA,9,2,bottom,0
776875,MIA,9,3,top,0
776875,MIA,9,3,bottom,0
776875,MIA,9,4,top,5
776875,MIA,9,4,bottom,0
776875,MIA,9,5,top,0
776875,MIA,9,5,bottom,0
776875,MIA,9,6,top,0
776875,MIA,9,6,bottom,0
776875,MIA,9,7,top,1
776875,MIA,9,7,bottom,2
776875,MIA,9,8,top,2
776875,MIA,9,8,bottom,0
776875,MIA,9,9,top,0
776875,MIA,9,9,bottom,0
776891,MIA,9,1,top,1
776891,MIA,9,1,bottom,0
776891,MIA,9,2,top,0
776891,MIA,9,2,bottom,3
776891,MIA,9,3,top,0
776891,MIA,9,3,bottom,0
776891,MIA,9,4,top,0
776891,MIA,9,4,bottom,3
776891,MIA,9,5,top,0
776891,MIA,9,5,bottom,0
776891,MIA,9,6,top,0
776891,MIA,9,6,bottom,0
776891,MIA,9,7,top,2
776891,MIA,9,7,bottom,1
776891,MIA,9,8,top,0
776891,MIA,9,8,bottom,0
776891,MIA,9,9,top,0
776891,MIA,9,9,bottom,NA
776910,MIA,9,1,top,0
776910,MIA,9,1,bottom,1
776910,MIA,9,2,top,0
776910,MIA,9,2,bottom,0
776910,MIA,9,3,top,0
776910,MIA,9,3,bottom,0
776910,MIA,9,4,top,0
776910,MIA,9,4,bottom,1
776910,MIA,9,5,top,0
776910,MIA,9,5,bottom,0
776910,MIA,9,6,top,0
776910,MIA,9,6,bottom,0
776910,MIA,9,7,top,0
776910,MIA,9,7,bottom,0
776910,MIA,9,8,top,0
776910,MIA,9,8,bottom,0
776910,MIA,9,9,top,0
776910,MIA,9,9,bottom,NA
776925,MIA,9,1,top,0
776925,MIA,9,1,bottom,0
776925,MIA,9,2,top,0
776925,MIA,9,2,bottom,0
776925,MIA,9,3,top,0
776925,MIA,9,3,bottom,0
776925,MIA,9,4,top,3
776925,MIA,9,4,bottom,0
776925,MIA,9,5,top,3
776925,MIA,9,5,bottom,4
776925,MIA,9,6,top,0
776925,MIA,9,6,bottom,0
776925,MIA,9,7,top,3
776925,MIA,9,7,bottom,6
776925,MIA,9,8,top,1
776925,MIA,9,8,bottom,0
776925,MIA,9,9,top,2
776925,MIA,9,9,bottom,3
776934,STL,9,1,top,0
776934,STL,9,1,bottom,0
776934,STL,9,2,top,0
776934,STL,9,2,bottom,0
776934,STL,9,3,top,2
776934,STL,9,3,bottom,0
776934,STL,9,4,top,0
776934,STL,9,4,bottom,0
776934,STL,9,5,top,0
776934,STL,9,5,bottom,0
776934,STL,9,6,top,0
776934,STL,9,6,bottom,0
776934,STL,9,7,top,0
776934,STL,9,7,bottom,0
776934,STL,9,8,top,0
776934,STL,9,8,bottom,0
776934,STL,9,9,top,0
776934,STL,9,9,bottom,0
776946,STL,9,1,top,0
776946,STL,9,1,bottom,0
776946,STL,9,2,top,2
776946,STL,9,2,bottom,0
776946,STL,9,3,top,0
776946,STL,9,3,bottom,0
776946,STL,9,4,top,0
776946,STL,9,4,bottom,0
776946,STL,9,5,top,1
776946,STL,9,5,bottom,0
776946,STL,9,6,top,2
776946,STL,9,6,bottom,0
776946,STL,9,7,top,0
776946,STL,9,7,bottom,0
776946,STL,9,8,top,0
776946,STL,9,8,bottom,0
776946,STL,9,9,top,0
776946,STL,9,9,bottom,0
776960,STL,9,1,top,0
776960,STL,9,1,bottom,0
776960,STL,9,2,top,0
776960,STL,9,2,bottom,0
776960,STL,9,3,top,0
776960,STL,9,3,bottom,1
776960,STL,9,4,top,0
776960,STL,9,4,bottom,1
776960,STL,9,5,top,0
776960,STL,9,5,bottom,0
776960,STL,9,6,top,0
776960,STL,9,6,bottom,0
776960,STL,9,7,top,0
776960,STL,9,7,bottom,5
776960,STL,9,8,top,0
776960,STL,9,8,bottom,0
776960,STL,9,9,top,1
776960,STL,9,9,bottom,NA
776978,MIL,9,1,top,1
776978,MIL,9,1,bottom,0
776978,MIL,9,2,top,0
776978,MIL,9,2,bottom,0
776978,MIL,9,3,top,0
776978,MIL,9,3,bottom,1
776978,MIL,9,4,top,1
776978,MIL,9,4,bottom,0
776978,MIL,9,5,top,0
776978,MIL,9,5,bottom,0
776978,MIL,9,6,top,0
776978,MIL,9,6,bottom,0
776978,MIL,9,7,top,0
776978,MIL,9,7,bottom,0
776978,MIL,9,8,top,0
776978,MIL,9,8,bottom,1
776978,MIL,9,9,top,0
776978,MIL,9,9,bottom,1
776996,MIL,9,1,top,0
776996,MIL,9,1,bottom,0
776996,MIL,9,2,top,0
776996,MIL,9,2,bottom,1
776996,MIL,9,3,top,1
776996,MIL,9,3,bottom,0
776996,MIL,9,4,top,1
776996,MIL,9,4,bottom,2
776996,MIL,9,5,top,3
776996,MIL,9,5,bottom,0
776996,MIL,9,6,top,2
776996,MIL,9,6,bottom,0
776996,MIL,9,7,top,0
776996,MIL,9,7,bottom,0
776996,MIL,9,8,top,0
776996,MIL,9,8,bottom,0
776996,MIL,9,9,top,0
776996,MIL,9,9,bottom,1
777008,MIL,9,1,top,0
777008,MIL,9,1,bottom,0
777008,MIL,9,2,top,0
777008,MIL,9,2,bottom,0
777008,MIL,9,3,top,1
777008,MIL,9,3,bottom,0
777008,MIL,9,4,top,0
777008,MIL,9,4,bottom,1
777008,MIL,9,5,top,0
777008,MIL,9,5,bottom,0
777008,MIL,9,6,top,0
777008,MIL,9,6,bottom,0
777008,MIL,9,7,top,4
777008,MIL,9,7,bottom,0
777008,MIL,9,8,top,0
777008,MIL,9,8,bottom,0
777008,MIL,9,9,top,0
777008,MIL,9,9,bottom,0
777037,MIA,9,1,top,0
777037,MIA,9,1,bottom,1
777037,MIA,9,2,top,0
777037,MIA,9,2,bottom,0
777037,MIA,9,3,top,0
777037,MIA,9,3,bottom,0
777037,MIA,9,4,top,1
777037,MIA,9,4,bottom,0
777037,MIA,9,5,top,0
777037,MIA,9,5,bottom,2
777037,MIA,9,6,top,0
777037,MIA,9,6,bottom,0
777037,MIA,9,7,top,0
777037,MIA,9,7,bottom,0
777037,MIA,9,8,top,1
777037,MIA,9,8,bottom,0
777037,MIA,9,9,top,0
777037,MIA,9,9,bottom,NA
777052,MIA,9,1,top,0
777052,MIA,9,1,bottom,2
777052,MIA,9,2,top,0
777052,MIA,9,2,bottom,0
777052,MIA,9,3,top,1
777052,MIA,9,3,bottom,0
777052,MIA,9,4,top,0
777052,MIA,9,4,bottom,0
777052,MIA,9,5,top,0
777052,MIA,9,5,bottom,0
777052,MIA,9,6,top,0
777052,MIA,9,6,bottom,1
777052,MIA,9,7,top,0
777052,MIA,9,7,bottom,0
777052,MIA,9,8,top,0
777052,MIA,9,8,bottom,1
777052,MIA,9,9,top,2
777052,MIA,9,9,bottom,NA
777062,MIA,9,1,top,0
777062,MIA,9,1,bottom,0
777062,MIA,9,2,top,2
777062,MIA,9,2,bottom,0
777062,MIA,9,3,top,0
777062,MIA,9,3,bottom,0
777062,MIA,9,4,top,0
777062,MIA,9,4,bottom,1
777062,MIA,9,5,top,0
777062,MIA,9,5,bottom,0
777062,MIA,9,6,top,0
777062,MIA,9,6,bottom,0
777062,MIA,9,7,top,0
777062,MIA,9,7,bottom,0
777062,MIA,9,8,top,0
777062,MIA,9,8,bottom,0
777062,MIA,9,9,top,0
777062,MIA,9,9,bottom,0
777082,MIA,9,1,top,0
777082,MIA,9,1,bottom,0
777082,MIA,9,2,top,0
777082,MIA,9,2,bottom,0
777082,MIA,9,3,top,0
777082,MIA,9,3,bottom,0
777082,MIA,9,4,top,3
777082,MIA,9,4,bottom,0
777082,MIA,9,5,top,3
777082,MIA,9,5,bottom,0
777082,MIA,9,6,top,0
777082,MIA,9,6,bottom,0
777082,MIA,9,7,top,0
777082,MIA,9,7,bottom,0
777082,MIA,9,8,top,1
777082,MIA,9,8,bottom,0
777082,MIA,9,9,top,0
777082,MIA,9,9,bottom,4
777093,MIA,9,1,top,0
777093,MIA,9,1,bottom,1
777093,MIA,9,2,top,0
777093,MIA,9,2,bottom,0
777093,MIA,9,3,top,0
777093,MIA,9,3,bottom,0
777093,MIA,9,4,top,0
777093,MIA,9,4,bottom,0
777093,MIA,9,5,top,0
777093,MIA,9,5,bottom,0
777093,MIA,9,6,top,0
777093,MIA,9,6,bottom,0
777093,MIA,9,7,top,0
777093,MIA,9,7,bottom,0
777093,MIA,9,8,top,1
777093,MIA,9,8,bottom,2
777093,MIA,9,9,top,0
777093,MIA,9,9,bottom,NA
777109,MIA,10,1,top,0
777109,MIA,10,1,bottom,3
777109,MIA,10,2,top,0
777109,MIA,10,2,bottom,0
777109,MIA,10,3,top,0
777109,MIA,10,3,bottom,2
777109,MIA,10,4,top,4
777109,MIA,10,4,bottom,0
777109,MIA,10,5,top,0
777109,MIA,10,5,bottom,0
777109,MIA,10,6,top,0
777109,MIA,10,6,bottom,0
777109,MIA,10,7,top,0
777109,MIA,10,7,bottom,0
777109,MIA,10,8,top,0
777109,MIA,10,8,bottom,0
777109,MIA,10,9,top,1
777109,MIA,10,9,bottom,0
777109,MIA,10,10,top,2
777109,MIA,10,10,bottom,3
777129,BAL,9,1,top,0
777129,BAL,9,1,bottom,0
777129,BAL,9,2,top,1
777129,BAL,9,2,bottom,0
777129,BAL,9,3,top,4
777129,BAL,9,3,bottom,0
777129,BAL,9,4,top,0
777129,BAL,9,4,bottom,0
777129,BAL,9,5,top,2
777129,BAL,9,5,bottom,0
777129,BAL,9,6,top,0
777129,BAL,9,6,bottom,0
777129,BAL,9,7,top,1
777129,BAL,9,7,bottom,0
777129,BAL,9,8,top,3
777129,BAL,9,8,bottom,1
777129,BAL,9,9,top,0
777129,BAL,9,9,bottom,0
777141,BAL,9,1,top,0
777141,BAL,9,1,bottom,0
777141,BAL,9,2,top,0
777141,BAL,9,2,bottom,0
777141,BAL,9,3,top,0
777141,BAL,9,3,bottom,0
777141,BAL,9,4,top,0
777141,BAL,9,4,bottom,0
777141,BAL,9,5,top,0
777141,BAL,9,5,bottom,0
777141,BAL,9,6,top,0
777141,BAL,9,6,bottom,0
777141,BAL,9,7,top,1
777141,BAL,9,7,bottom,0
777141,BAL,9,8,top,1
777141,BAL,9,8,bottom,0
777141,BAL,9,9,top,4
777141,BAL,9,9,bottom,0
777157,BAL,9,1,top,0
777157,BAL,9,1,bottom,2
777157,BAL,9,2,top,0
777157,BAL,9,2,bottom,0
777157,BAL,9,3,top,0
777157,BAL,9,3,bottom,2
777157,BAL,9,4,top,0
777157,BAL,9,4,bottom,0
777157,BAL,9,5,top,0
777157,BAL,9,5,bottom,0
777157,BAL,9,6,top,0
777157,BAL,9,6,bottom,0
777157,BAL,9,7,top,0
777157,BAL,9,7,bottom,1
777157,BAL,9,8,top,0
777157,BAL,9,8,bottom,0
777157,BAL,9,9,top,2
777157,BAL,9,9,bottom,NA
777168,CIN,9,1,top,0
777168,CIN,9,1,bottom,1
777168,CIN,9,2,top,0
777168,CIN,9,2,bottom,1
777168,CIN,9,3,top,0
777168,CIN,9,3,bottom,0
777168,CIN,9,4,top,0
777168,CIN,9,4,bottom,0
777168,CIN,9,5,top,0
777168,CIN,9,5,bottom,0
777168,CIN,9,6,top,0
777168,CIN,9,6,bottom,4
777168,CIN,9,7,top,0
777168,CIN,9,7,bottom,0
777168,CIN,9,8,top,0
777168,CIN,9,8,bottom,0
777168,CIN,9,9,top,0
777168,CIN,9,9,bottom,NA
777183,CIN,9,1,top,0
777183,CIN,9,1,bottom,3
777183,CIN,9,2,top,0
777183,CIN,9,2,bottom,0
777183,CIN,9,3,top,0
777183,CIN,9,3,bottom,0
777183,CIN,9,4,top,0
777183,CIN,9,4,bottom,3
777183,CIN,9,5,top,0
777183,CIN,9,5,bottom,0
777183,CIN,9,6,top,0
777183,CIN,9,6,bottom,0
777183,CIN,9,7,top,0
777183,CIN,9,7,bottom,0
777183,CIN,9,8,top,1
777183,CIN,9,8,bottom,1
777183,CIN,9,9,top,1
777183,CIN,9,9,bottom,NA
777197,CIN,9,1,top,0
777197,CIN,9,1,bottom,1
777197,CIN,9,2,top,0
777197,CIN,9,2,bottom,0
777197,CIN,9,3,top,7
777197,CIN,9,3,bottom,0
777197,CIN,9,4,top,0
777197,CIN,9,4,bottom,0
777197,CIN,9,5,top,0
777197,CIN,9,5,bottom,0
777197,CIN,9,6,top,3
777197,CIN,9,6,bottom,0
777197,CIN,9,7,top,0
777197,CIN,9,7,bottom,0
777197,CIN,9,8,top,1
777197,CIN,9,8,bottom,0
777197,CIN,9,9,top,1
777197,CIN,9,9,bottom,1
777208,CIN,9,1,top,0
777208,CIN,9,1,bottom,0
777208,CIN,9,2,top,0
777208,CIN,9,2,bottom,1
777208,CIN,9,3,top,0
777208,CIN,9,3,bottom,0
777208,CIN,9,4,top,0
777208,CIN,9,4,bottom,0
777208,CIN,9,5,top,2
777208,CIN,9,5,bottom,0
777208,CIN,9,6,top,2
777208,CIN,9,6,bottom,0
777208,CIN,9,7,top,1
777208,CIN,9,7,bottom,0
777208,CIN,9,8,top,0
777208,CIN,9,8,bottom,0
777208,CIN,9,9,top,0
777208,CIN,9,9,bottom,0
777224,MIA,9,1,top,0
777224,MIA,9,1,bottom,0
777224,MIA,9,2,top,0
777224,MIA,9,2,bottom,0
777224,MIA,9,3,top,2
777224,MIA,9,3,bottom,0
777224,MIA,9,4,top,0
777224,MIA,9,4,bottom,0
777224,MIA,9,5,top,0
777224,MIA,9,5,bottom,1
777224,MIA,9,6,top,0
777224,MIA,9,6,bottom,0
777224,MIA,9,7,top,0
777224,MIA,9,7,bottom,0
777224,MIA,9,8,top,1
777224,MIA,9,8,bottom,0
777224,MIA,9,9,top,0
777224,MIA,9,9,bottom,0
777238,MIA,9,1,top,0
777238,MIA,9,1,bottom,0
777238,MIA,9,2,top,1
777238,MIA,9,2,bottom,2
777238,MIA,9,3,top,0
777238,MIA,9,3,bottom,0
777238,MIA,9,4,top,1
777238,MIA,9,4,bottom,0
777238,MIA,9,5,top,0
777238,MIA,9,5,bottom,0
777238,MIA,9,6,top,0
777238,MIA,9,6,bottom,0
777238,MIA,9,7,top,0
777238,MIA,9,7,bottom,0
777238,MIA,9,8,top,0
777238,MIA,9,8,bottom,2
777238,MIA,9,9,top,0
777238,MIA,9,9,bottom,NA
777254,MIA,9,1,top,0
777254,MIA,9,1,bottom,1
777254,MIA,9,2,top,0
777254,MIA,9,2,bottom,0
777254,MIA,9,3,top,2
777254,MIA,9,3,bottom,1
777254,MIA,9,4,top,3
777254,MIA,9,4,bottom,1
777254,MIA,9,5,top,0
777254,MIA,9,5,bottom,2
777254,MIA,9,6,top,0
777254,MIA,9,6,bottom,0
777254,MIA,9,7,top,0
777254,MIA,9,7,bottom,0
777254,MIA,9,8,top,1
777254,MIA,9,8,bottom,0
777254,MIA,9,9,top,0
777254,MIA,9,9,bottom,0
777263,MIA,9,1,top,0
777263,MIA,9,1,bottom,3
777263,MIA,9,2,top,0
777263,MIA,9,2,bottom,0
777263,MIA,9,3,top,0
777263,MIA,9,3,bottom,1
777263,MIA,9,4,top,0
777263,MIA,9,4,bottom,0
777263,MIA,9,5,top,0
777263,MIA,9,5,bottom,0
777263,MIA,9,6,top,0
777263,MIA,9,6,bottom,0
777263,MIA,9,7,top,1
777263,MIA,9,7,bottom,0
777263,MIA,9,8,top,0
777263,MIA,9,8,bottom,0
777263,MIA,9,9,top,0
777263,MIA,9,9,bottom,NA
777275,MIA,9,1,top,1
777275,MIA,9,1,bottom,0
777275,MIA,9,2,top,0
777275,MIA,9,2,bottom,1
777275,MIA,9,3,top,0
777275,MIA,9,3,bottom,0
777275,MIA,9,4,top,1
777275,MIA,9,4,bottom,0
777275,MIA,9,5,top,0
777275,MIA,9,5,bottom,0
777275,MIA,9,6,top,0
777275,MIA,9,6,bottom,0
777275,MIA,9,7,top,0
777275,MIA,9,7,bottom,0
777275,MIA,9,8,top,0
777275,MIA,9,8,bottom,0
777275,MIA,9,9,top,0
777275,MIA,9,9,bottom,0
777293,MIA,9,1,top,0
777293,MIA,9,1,bottom,0
777293,MIA,9,2,top,0
777293,MIA,9,2,bottom,1
777293,MIA,9,3,top,0
777293,MIA,9,3,bottom,0
777293,MIA,9,4,top,0
777293,MIA,9,4,bottom,0
777293,MIA,9,5,top,0
777293,MIA,9,5,bottom,0
777293,MIA,9,6,top,0
777293,MIA,9,6,bottom,0
777293,MIA,9,7,top,0
777293,MIA,9,7,bottom,0
777293,MIA,9,8,top,0
777293,MIA,9,8,bottom,1
777293,MIA,9,9,top,0
777293,MIA,9,9,bottom,NA
777303,AZ,9,1,top,1
777303,AZ,9,1,bottom,0
777303,AZ,9,2,top,0
777303,AZ,9,2,bottom,1
777303,AZ,9,3,top,0
777303,AZ,9,3,bottom,1
777303,AZ,9,4,top,0
777303,AZ,9,4,bottom,0
777303,AZ,9,5,top,0
777303,AZ,9,5,bottom,0
777303,AZ,9,6,top,0
777303,AZ,9,6,bottom,0
777303,AZ,9,7,top,0
777303,AZ,9,7,bottom,0
777303,AZ,9,8,top,5
777303,AZ,9,8,bottom,2
777303,AZ,9,9,top,0
777303,AZ,9,9,bottom,0
777318,AZ,10,1,top,2
777318,AZ,10,1,bottom,1
777318,AZ,10,2,top,0
777318,AZ,10,2,bottom,0
777318,AZ,10,3,top,1
777318,AZ,10,3,bottom,0
777318,AZ,10,4,top,0
777318,AZ,10,4,bottom,5
777318,AZ,10,5,top,0
777318,AZ,10,5,bottom,0
777318,AZ,10,6,top,0
777318,AZ,10,6,bottom,1
777318,AZ,10,7,top,0
777318,AZ,10,7,bottom,0
777318,AZ,10,8,top,3
777318,AZ,10,8,bottom,0
777318,AZ,10,9,top,1
777318,AZ,10,9,bottom,0
777318,AZ,10,10,top,1
777318,AZ,10,10,bottom,0
777332,AZ,9,1,top,0
777332,AZ,9,1,bottom,0
777332,AZ,9,2,top,0
777332,AZ,9,2,bottom,0
777332,AZ,9,3,top,0
777332,AZ,9,3,bottom,1
777332,AZ,9,4,top,2
777332,AZ,9,4,bottom,0
777332,AZ,9,5,top,2
777332,AZ,9,5,bottom,3
777332,AZ,9,6,top,2
777332,AZ,9,6,bottom,0
777332,AZ,9,7,top,0
777332,AZ,9,7,bottom,1
777332,AZ,9,8,top,1
777332,AZ,9,8,bottom,0
777332,AZ,9,9,top,2
777332,AZ,9,9,bottom,3
777347,SF,9,1,top,3
777347,SF,9,1,bottom,0
777347,SF,9,2,top,0
777347,SF,9,2,bottom,0
777347,SF,9,3,top,2
777347,SF,9,3,bottom,2
777347,SF,9,4,top,0
777347,SF,9,4,bottom,3
777347,SF,9,5,top,3
777347,SF,9,5,bottom,0
777347,SF,9,6,top,0
777347,SF,9,6,bottom,0
777347,SF,9,7,top,0
777347,SF,9,7,bottom,0
777347,SF,9,8,top,4
777347,SF,9,8,bottom,0
777347,SF,9,9,top,0
777347,SF,9,9,bottom,0
777355,SF,10,1,top,0
777355,SF,10,1,bottom,1
777355,SF,10,2,top,0
777355,SF,10,2,bottom,0
777355,SF,10,3,top,0
777355,SF,10,3,bottom,0
777355,SF,10,4,top,2
777355,SF,10,4,bottom,0
777355,SF,10,5,top,0
777355,SF,10,5,bottom,1
777355,SF,10,6,top,0
777355,SF,10,6,bottom,0
777355,SF,10,7,top,0
777355,SF,10,7,bottom,0
777355,SF,10,8,top,2
777355,SF,10,8,bottom,0
777355,SF,10,9,top,0
777355,SF,10,9,bottom,2
777355,SF,10,10,top,4
777355,SF,10,10,bottom,1
777364,SF,9,1,top,0
777364,SF,9,1,bottom,0
777364,SF,9,2,top,2
777364,SF,9,2,bottom,0
777364,SF,9,3,top,1
777364,SF,9,3,bottom,0
777364,SF,9,4,top,0
777364,SF,9,4,bottom,0
777364,SF,9,5,top,0
777364,SF,9,5,bottom,2
777364,SF,9,6,top,0
777364,SF,9,6,bottom,0
777364,SF,9,7,top,1
777364,SF,9,7,bottom,0
777364,SF,9,8,top,0
777364,SF,9,8,bottom,0
777364,SF,9,9,top,0
777364,SF,9,9,bottom,0
777402,MIA,9,1,top,1
777402,MIA,9,1,bottom,0
777402,MIA,9,2,top,0
777402,MIA,9,2,bottom,1
777402,MIA,9,3,top,1
777402,MIA,9,3,bottom,1
777402,MIA,9,4,top,0
777402,MIA,9,4,bottom,0
777402,MIA,9,5,top,0
777402,MIA,9,5,bottom,2
777402,MIA,9,6,top,1
777402,MIA,9,6,bottom,1
777402,MIA,9,7,top,0
777402,MIA,9,7,bottom,0
777402,MIA,9,8,top,0
777402,MIA,9,8,bottom,0
777402,MIA,9,9,top,0
777402,MIA,9,9,bottom,NA
777424,MIA,9,1,top,1
777424,MIA,9,1,bottom,0
777424,MIA,9,2,top,0
777424,MIA,9,2,bottom,0
777424,MIA,9,3,top,0
777424,MIA,9,3,bottom,0
777424,MIA,9,4,top,0
777424,MIA,9,4,bottom,0
777424,MIA,9,5,top,2
777424,MIA,9,5,bottom,0
777424,MIA,9,6,top,0
777424,MIA,9,6,bottom,0
777424,MIA,9,7,top,0
777424,MIA,9,7,bottom,0
777424,MIA,9,8,top,1
777424,MIA,9,8,bottom,0
777424,MIA,9,9,top,3
777424,MIA,9,9,bottom,0
777439,MIA,9,1,top,0
777439,MIA,9,1,bottom,0
777439,MIA,9,2,top,0
777439,MIA,9,2,bottom,1
777439,MIA,9,3,top,0
777439,MIA,9,3,bottom,3
777439,MIA,9,4,top,1
777439,MIA,9,4,bottom,0
777439,MIA,9,5,top,0
777439,MIA,9,5,bottom,0
777439,MIA,9,6,top,0
777439,MIA,9,6,bottom,1
777439,MIA,9,7,top,0
777439,MIA,9,7,bottom,1
777439,MIA,9,8,top,1
777439,MIA,9,8,bottom,0
777439,MIA,9,9,top,0
777439,MIA,9,9,bottom,NA
777444,MIA,9,1,top,0
777444,MIA,9,1,bottom,0
777444,MIA,9,2,top,0
777444,MIA,9,2,bottom,0
777444,MIA,9,3,top,0
777444,MIA,9,3,bottom,0
777444,MIA,9,4,top,0
777444,MIA,9,4,bottom,0
777444,MIA,9,5,top,0
777444,MIA,9,5,bottom,1
777444,MIA,9,6,top,0
777444,MIA,9,6,bottom,0
777444,MIA,9,7,top,1
777444,MIA,9,7,bottom,0
777444,MIA,9,8,top,1
777444,MIA,9,8,bottom,0
777444,MIA,9,9,top,0
777444,MIA,9,9,bottom,0
777465,MIA,9,1,top,0
777465,MIA,9,1,bottom,0
777465,MIA,9,2,top,0
777465,MIA,9,2,bottom,0
777465,MIA,9,3,top,0
777465,MIA,9,3,bottom,0
777465,MIA,9,4,top,4
777465,MIA,9,4,bottom,0
777465,MIA,9,5,top,0
777465,MIA,9,5,bottom,1
777465,MIA,9,6,top,0
777465,MIA,9,6,bottom,0
777465,MIA,9,7,top,0
777465,MIA,9,7,bottom,0
777465,MIA,9,8,top,0
777465,MIA,9,8,bottom,0
777465,MIA,9,9,top,0
777465,MIA,9,9,bottom,1
777481,MIA,9,1,top,0
777481,MIA,9,1,bottom,0
777481,MIA,9,2,top,0
777481,MIA,9,2,bottom,2
777481,MIA,9,3,top,0
777481,MIA,9,3,bottom,0
777481,MIA,9,4,top,1
777481,MIA,9,4,bottom,0
777481,MIA,9,5,top,2
777481,MIA,9,5,bottom,0
777481,MIA,9,6,top,0
777481,MIA,9,6,bottom,3
777481,MIA,9,7,top,0
777481,MIA,9,7,bottom,1
777481,MIA,9,8,top,0
777481,MIA,9,8,bottom,2
777481,MIA,9,9,top,0
777481,MIA,9,9,bottom,NA
777483,MIA,9,1,top,1
777483,MIA,9,1,bottom,0
777483,MIA,9,2,top,0
777483,MIA,9,2,bottom,1
777483,MIA,9,3,top,0
777483,MIA,9,3,bottom,0
777483,MIA,9,4,top,1
777483,MIA,9,4,bottom,0
777483,MIA,9,5,top,0
777483,MIA,9,5,bottom,0
777483,MIA,9,6,top,0
777483,MIA,9,6,bottom,0
777483,MIA,9,7,top,1
777483,MIA,9,7,bottom,0
777483,MIA,9,8,top,0
777483,MIA,9,8,bottom,1
777483,MIA,9,9,top,2
777483,MIA,9,9,bottom,0
777503,WSH,9,1,top,1
777503,WSH,9,1,bottom,1
777503,WSH,9,2,top,1
777503,WSH,9,2,bottom,0
777503,WSH,9,3,top,0
777503,WSH,9,3,bottom,0
777503,WSH,9,4,top,0
777503,WSH,9,4,bottom,0
777503,WSH,9,5,top,0
777503,WSH,9,5,bottom,0
777503,WSH,9,6,top,0
777503,WSH,9,6,bottom,0
777503,WSH,9,7,top,1
777503,WSH,9,7,bottom,0
777503,WSH,9,8,top,0
777503,WSH,9,8,bottom,0
777503,WSH,9,9,top,0
777503,WSH,9,9,bottom,0
777514,WSH,9,1,top,0
777514,WSH,9,1,bottom,0
777514,WSH,9,2,top,0
777514,WSH,9,2,bottom,1
777514,WSH,9,3,top,1
777514,WSH,9,3,bottom,0
777514,WSH,9,4,top,0
777514,WSH,9,4,bottom,0
777514,WSH,9,5,top,0
777514,WSH,9,5,bottom,0
777514,WSH,9,6,top,1
777514,WSH,9,6,bottom,0
777514,WSH,9,7,top,1
777514,WSH,9,7,bottom,0
777514,WSH,9,8,top,1
777514,WSH,9,8,bottom,0
777514,WSH,9,9,top,0
777514,WSH,9,9,bottom,2
777530,WSH,9,1,top,1
777530,WSH,9,1,bottom,0
777530,WSH,9,2,top,1
777530,WSH,9,2,bottom,0
777530,WSH,9,3,top,4
777530,WSH,9,3,bottom,2
777530,WSH,9,4,top,0
777530,WSH,9,4,bottom,0
777530,WSH,9,5,top,2
777530,WSH,9,5,bottom,0
777530,WSH,9,6,top,0
777530,WSH,9,6,bottom,0
777530,WSH,9,7,top,0
777530,WSH,9,7,bottom,5
777530,WSH,9,8,top,3
777530,WSH,9,8,bottom,2
777530,WSH,9,9,top,0
777530,WSH,9,9,bottom,0
777552,PIT,9,1,top,0
777552,PIT,9,1,bottom,0
777552,PIT,9,2,top,0
777552,PIT,9,2,bottom,1
777552,PIT,9,3,top,0
777552,PIT,9,3,bottom,0
777552,PIT,9,4,top,0
777552,PIT,9,4,bottom,0
777552,PIT,9,5,top,0
777552,PIT,9,5,bottom,3
777552,PIT,9,6,top,2
777552,PIT,9,6,bottom,0
777552,PIT,9,7,top,0
777552,PIT,9,7,bottom,0
777552,PIT,9,8,top,0
777552,PIT,9,8,bottom,1
777552,PIT,9,9,top,0
777552,PIT,9,9,bottom,NA
777566,PIT,9,1,top,0
777566,PIT,9,1,bottom,0
777566,PIT,9,2,top,0
777566,PIT,9,2,bottom,0
777566,PIT,9,3,top,2
777566,PIT,9,3,bottom,0
777566,PIT,9,4,top,1
777566,PIT,9,4,bottom,0
777566,PIT,9,5,top,0
777566,PIT,9,5,bottom,0
777566,PIT,9,6,top,0
777566,PIT,9,6,bottom,0
777566,PIT,9,7,top,0
777566,PIT,9,7,bottom,0
777566,PIT,9,8,top,0
777566,PIT,9,8,bottom,2
777566,PIT,9,9,top,0
777566,PIT,9,9,bottom,0
777574,PIT,9,1,top,0
777574,PIT,9,1,bottom,0
777574,PIT,9,2,top,1
777574,PIT,9,2,bottom,0
777574,PIT,9,3,top,0
777574,PIT,9,3,bottom,4
777574,PIT,9,4,top,0
777574,PIT,9,4,bottom,0
777574,PIT,9,5,top,1
777574,PIT,9,5,bottom,0
777574,PIT,9,6,top,0
777574,PIT,9,6,bottom,4
777574,PIT,9,7,top,0
777574,PIT,9,7,bottom,1
777574,PIT,9,8,top,1
777574,PIT,9,8,bottom,1
777574,PIT,9,9,top,0
777574,PIT,9,9,bottom,NA
777592,TB,9,1,top,1
777592,TB,9,1,bottom,0
777592,TB,9,2,top,0
777592,TB,9,2,bottom,0
777592,TB,9,3,top,0
777592,TB,9,3,bottom,0
777592,TB,9,4,top,0
777592,TB,9,4,bottom,0
777592,TB,9,5,top,1
777592,TB,9,5,bottom,2
777592,TB,9,6,top,0
777592,TB,9,6,bottom,0
777592,TB,9,7,top,0
777592,TB,9,7,bottom,0
777592,TB,9,8,top,0
777592,TB,9,8,bottom,1
777592,TB,9,9,top,0
777592,TB,9,9,bottom,NA
777611,TB,10,1,top,0
777611,TB,10,1,bottom,0
777611,TB,10,2,top,0
777611,TB,10,2,bottom,4
777611,TB,10,3,top,4
777611,TB,10,3,bottom,0
777611,TB,10,4,top,0
777611,TB,10,4,bottom,2
777611,TB,10,5,top,6
777611,TB,10,5,bottom,0
777611,TB,10,6,top,0
777611,TB,10,6,bottom,3
777611,TB,10,7,top,0
777611,TB,10,7,bottom,1
777611,TB,10,8,top,0
777611,TB,10,8,bottom,0
777611,TB,10,9,top,0
777611,TB,10,9,bottom,0
777611,TB,10,10,top,1
777611,TB,10,10,bottom,0
777625,TB,9,1,top,0
777625,TB,9,1,bottom,1
777625,TB,9,2,top,0
777625,TB,9,2,bottom,0
777625,TB,9,3,top,0
777625,TB,9,3,bottom,2
777625,TB,9,4,top,1
777625,TB,9,4,bottom,0
777625,TB,9,5,top,0
777625,TB,9,5,bottom,0
777625,TB,9,6,top,0
777625,TB,9,6,bottom,0
777625,TB,9,7,top,0
777625,TB,9,7,bottom,1
777625,TB,9,8,top,2
777625,TB,9,8,bottom,0
777625,TB,9,9,top,0
777625,TB,9,9,bottom,NA
777652,MIA,9,1,top,1
777652,MIA,9,1,bottom,0
777652,MIA,9,2,top,0
777652,MIA,9,2,bottom,0
777652,MIA,9,3,top,0
777652,MIA,9,3,bottom,0
777652,MIA,9,4,top,0
777652,MIA,9,4,bottom,0
777652,MIA,9,5,top,1
777652,MIA,9,5,bottom,0
777652,MIA,9,6,top,1
777652,MIA,9,6,bottom,0
777652,MIA,9,7,top,0
777652,MIA,9,7,bottom,2
777652,MIA,9,8,top,0
777652,MIA,9,8,bottom,0
777652,MIA,9,9,top,0
777652,MIA,9,9,bottom,0
777666,MIA,9,1,top,0
777666,MIA,9,1,bottom,0
777666,MIA,9,2,top,0
777666,MIA,9,2,bottom,0
777666,MIA,9,3,top,0
777666,MIA,9,3,bottom,2
777666,MIA,9,4,top,0
777666,MIA,9,4,bottom,0
777666,MIA,9,5,top,2
777666,MIA,9,5,bottom,0
777666,MIA,9,6,top,0
777666,MIA,9,6,bottom,0
777666,MIA,9,7,top,0
777666,MIA,9,7,bottom,0
777666,MIA,9,8,top,1
777666,MIA,9,8,bottom,0
777666,MIA,9,9,top,0
777666,MIA,9,9,bottom,0
777673,MIA,9,1,top,1
777673,MIA,9,1,bottom,3
777673,MIA,9,2,top,0
777673,MIA,9,2,bottom,1
777673,MIA,9,3,top,1
777673,MIA,9,3,bottom,0
777673,MIA,9,4,top,1
777673,MIA,9,4,bottom,0
777673,MIA,9,5,top,2
777673,MIA,9,5,bottom,0
777673,MIA,9,6,top,0
777673,MIA,9,6,bottom,0
777673,MIA,9,7,top,0
777673,MIA,9,7,bottom,0
777673,MIA,9,8,top,0
777673,MIA,9,8,bottom,0
777673,MIA,9,9,top,1
777673,MIA,9,9,bottom,0
777689,MIA,9,1,top,0
777689,MIA,9,1,bottom,0
777689,MIA,9,2,top,0
777689,MIA,9,2,bottom,0
777689,MIA,9,3,top,1
777689,MIA,9,3,bottom,0
777689,MIA,9,4,top,3
777689,MIA,9,4,bottom,0
777689,MIA,9,5,top,0
777689,MIA,9,5,bottom,0
777689,MIA,9,6,top,0
777689,MIA,9,6,bottom,1
777689,MIA,9,7,top,0
777689,MIA,9,7,bottom,1
777689,MIA,9,8,top,0
777689,MIA,9,8,bottom,0
777689,MIA,9,9,top,0
777689,MIA,9,9,bottom,0
777705,MIA,9,1,top,0
777705,MIA,9,1,bottom,0
777705,MIA,9,2,top,0
777705,MIA,9,2,bottom,1
777705,MIA,9,3,top,0
777705,MIA,9,3,bottom,0
777705,MIA,9,4,top,0
777705,MIA,9,4,bottom,0
777705,MIA,9,5,top,0
777705,MIA,9,5,bottom,0
777705,MIA,9,6,top,0
777705,MIA,9,6,bottom,0
777705,MIA,9,7,top,0
777705,MIA,9,7,bottom,0
777705,MIA,9,8,top,0
777705,MIA,9,8,bottom,0
777705,MIA,9,9,top,0
777705,MIA,9,9,bottom,NA
777717,MIA,9,1,top,1
777717,MIA,9,1,bottom,0
777717,MIA,9,2,top,0
777717,MIA,9,2,bottom,0
777717,MIA,9,3,top,0
777717,MIA,9,3,bottom,0
777717,MIA,9,4,top,1
777717,MIA,9,4,bottom,0
777717,MIA,9,5,top,0
777717,MIA,9,5,bottom,0
777717,MIA,9,6,top,0
777717,MIA,9,6,bottom,0
777717,MIA,9,7,top,0
777717,MIA,9,7,bottom,0
777717,MIA,9,8,top,0
777717,MIA,9,8,bottom,0
777717,MIA,9,9,top,0
777717,MIA,9,9,bottom,0
777726,SD,9,1,top,0
777726,SD,9,1,bottom,0
777726,SD,9,2,top,0
777726,SD,9,2,bottom,1
777726,SD,9,3,top,1
777726,SD,9,3,bottom,0
777726,SD,9,4,top,0
777726,SD,9,4,bottom,5
777726,SD,9,5,top,5
777726,SD,9,5,bottom,0
777726,SD,9,6,top,0
777726,SD,9,6,bottom,0
777726,SD,9,7,top,1
777726,SD,9,7,bottom,2
777726,SD,9,8,top,3
777726,SD,9,8,bottom,0
777726,SD,9,9,top,0
777726,SD,9,9,bottom,0
777742,SD,9,1,top,6
777742,SD,9,1,bottom,1
777742,SD,9,2,top,0
777742,SD,9,2,bottom,2
777742,SD,9,3,top,0
777742,SD,9,3,bottom,2
777742,SD,9,4,top,0
777742,SD,9,4,bottom,1
777742,SD,9,5,top,0
777742,SD,9,5,bottom,1
777742,SD,9,6,top,0
777742,SD,9,6,bottom,0
777742,SD,9,7,top,0
777742,SD,9,7,bottom,0
777742,SD,9,8,top,0
777742,SD,9,8,bottom,1
777742,SD,9,9,top,0
777742,SD,9,9,bottom,NA
777756,SD,11,1,top,2
777756,SD,11,1,bottom,0
777756,SD,11,2,top,1
777756,SD,11,2,bottom,0
777756,SD,11,3,top,0
777756,SD,11,3,bottom,0
777756,SD,11,4,top,0
777756,SD,11,4,bottom,2
777756,SD,11,5,top,0
777756,SD,11,5,bottom,0
777756,SD,11,6,top,0
777756,SD,11,6,bottom,0
777756,SD,11,7,top,0
777756,SD,11,7,bottom,0
777756,SD,11,8,top,0
777756,SD,11,8,bottom,1
777756,SD,11,9,top,0
777756,SD,11,9,bottom,0
777756,SD,11,10,top,0
777756,SD,11,10,bottom,0
777756,SD,11,11,top,0
777756,SD,11,11,bottom,1
777767,LAA,9,1,top,0
777767,LAA,9,1,bottom,0
777767,LAA,9,2,top,0
777767,LAA,9,2,bottom,0
777767,LAA,9,3,top,1
777767,LAA,9,3,bottom,0
777767,LAA,9,4,top,1
777767,LAA,9,4,bottom,0
777767,LAA,9,5,top,1
777767,LAA,9,5,bottom,0
777767,LAA,9,6,top,0
777767,LAA,9,6,bottom,0
777767,LAA,9,7,top,0
777767,LAA,9,7,bottom,0
777767,LAA,9,8,top,0
777767,LAA,9,8,bottom,0
777767,LAA,9,9,top,0
777767,LAA,9,9,bottom,0
777781,LAA,9,1,top,0
777781,LAA,9,1,bottom,0
777781,LAA,9,2,top,1
777781,LAA,9,2,bottom,0
777781,LAA,9,3,top,0
777781,LAA,9,3,bottom,0
777781,LAA,9,4,top,0
777781,LAA,9,4,bottom,1
777781,LAA,9,5,top,2
777781,LAA,9,5,bottom,0
777781,LAA,9,6,top,0
777781,LAA,9,6,bottom,0
777781,LAA,9,7,top,3
777781,LAA,9,7,bottom,0
777781,LAA,9,8,top,0
777781,LAA,9,8,bottom,0
777781,LAA,9,9,top,0
777781,LAA,9,9,bottom,1
777798,LAA,9,1,top,0
777798,LAA,9,1,bottom,0
777798,LAA,9,2,top,0
777798,LAA,9,2,bottom,1
777798,LAA,9,3,top,0
777798,LAA,9,3,bottom,0
777798,LAA,9,4,top,0
777798,LAA,9,4,bottom,2
777798,LAA,9,5,top,0
777798,LAA,9,5,bottom,0
777798,LAA,9,6,top,0
777798,LAA,9,6,bottom,3
777798,LAA,9,7,top,2
777798,LAA,9,7,bottom,0
777798,LAA,9,8,top,2
777798,LAA,9,8,bottom,1
777798,LAA,9,9,top,0
777798,LAA,9,9,bottom,NA
777833,MIA,9,1,top,1
777833,MIA,9,1,bottom,1
777833,MIA,9,2,top,0
777833,MIA,9,2,bottom,0
777833,MIA,9,3,top,0
777833,MIA,9,3,bottom,0
777833,MIA,9,4,top,0
777833,MIA,9,4,bottom,0
777833,MIA,9,5,top,0
777833,MIA,9,5,bottom,0
777833,MIA,9,6,top,0
777833,MIA,9,6,bottom,0
777833,MIA,9,7,top,0
777833,MIA,9,7,bottom,0
777833,MIA,9,8,top,1
777833,MIA,9,8,bottom,0
777833,MIA,9,9,top,0
777833,MIA,9,9,bottom,0
777850,MIA,9,1,top,1
777850,MIA,9,1,bottom,0
777850,MIA,9,2,top,0
777850,MIA,9,2,bottom,0
777850,MIA,9,3,top,0
777850,MIA,9,3,bottom,1
777850,MIA,9,4,top,0
777850,MIA,9,4,bottom,0
777850,MIA,9,5,top,0
777850,MIA,9,5,bottom,0
777850,MIA,9,6,top,8
777850,MIA,9,6,bottom,0
777850,MIA,9,7,top,0
777850,MIA,9,7,bottom,0
777850,MIA,9,8,top,0
777850,MIA,9,8,bottom,0
777850,MIA,9,9,top,5
777850,MIA,9,9,bottom,0
777863,MIA,9,1,top,0
777863,MIA,9,1,bottom,2
777863,MIA,9,2,top,0
777863,MIA,9,2,bottom,0
777863,MIA,9,3,top,0
777863,MIA,9,3,bottom,0
777863,MIA,9,4,top,3
777863,MIA,9,4,bottom,0
777863,MIA,9,5,top,0
777863,MIA,9,5,bottom,4
777863,MIA,9,6,top,4
777863,MIA,9,6,bottom,0
777863,MIA,9,7,top,0
777863,MIA,9,7,bottom,0
777863,MIA,9,8,top,0
777863,MIA,9,8,bottom,0
777863,MIA,9,9,top,0
777863,MIA,9,9,bottom,2
777877,MIA,9,1,top,0
777877,MIA,9,1,bottom,0
777877,MIA,9,2,top,0
777877,MIA,9,2,bottom,0
777877,MIA,9,3,top,1
777877,MIA,9,3,bottom,0
777877,MIA,9,4,top,0
777877,MIA,9,4,bottom,3
777877,MIA,9,5,top,0
777877,MIA,9,5,bottom,0
777877,MIA,9,6,top,0
777877,MIA,9,6,bottom,2
777877,MIA,9,7,top,0
777877,MIA,9,7,bottom,0
777877,MIA,9,8,top,0
777877,MIA,9,8,bottom,0
777877,MIA,9,9,top,0
777877,MIA,9,9,bottom,NA
777889,MIA,9,1,top,0
777889,MIA,9,1,bottom,0
777889,MIA,9,2,top,0
777889,MIA,9,2,bottom,0
777889,MIA,9,3,top,0
777889,MIA,9,3,bottom,0
777889,MIA,9,4,top,0
777889,MIA,9,4,bottom,0
777889,MIA,9,5,top,4
777889,MIA,9,5,bottom,0
777889,MIA,9,6,top,0
777889,MIA,9,6,bottom,0
777889,MIA,9,7,top,0
777889,MIA,9,7,bottom,0
777889,MIA,9,8,top,0
777889,MIA,9,8,bottom,0
777889,MIA,9,9,top,0
777889,MIA,9,9,bottom,0
777903,MIA,9,1,top,0
777903,MIA,9,1,bottom,1
777903,MIA,9,2,top,0
777903,MIA,9,2,bottom,0
777903,MIA,9,3,top,1
777903,MIA,9,3,bottom,0
777903,MIA,9,4,top,0
777903,MIA,9,4,bottom,4
777903,MIA,9,5,top,3
777903,MIA,9,5,bottom,0
777903,MIA,9,6,top,0
777903,MIA,9,6,bottom,4
777903,MIA,9,7,top,0
777903,MIA,9,7,bottom,0
777903,MIA,9,8,top,0
777903,MIA,9,8,bottom,0
777903,MIA,9,9,top,0
777903,MIA,9,9,bottom,NA
777921,CHC,9,1,top,0
777921,CHC,9,1,bottom,0
777921,CHC,9,2,top,1
777921,CHC,9,2,bottom,0
777921,CHC,9,3,top,0
777921,CHC,9,3,bottom,0
777921,CHC,9,4,top,2
777921,CHC,9,4,bottom,1
777921,CHC,9,5,top,0
777921,CHC,9,5,bottom,0
777921,CHC,9,6,top,0
777921,CHC,9,6,bottom,0
777921,CHC,9,7,top,0
777921,CHC,9,7,bottom,0
777921,CHC,9,8,top,0
777921,CHC,9,8,bottom,0
777921,CHC,9,9,top,0
777921,CHC,9,9,bottom,0
777936,CHC,9,1,top,0
777936,CHC,9,1,bottom,0
777936,CHC,9,2,top,1
777936,CHC,9,2,bottom,0
777936,CHC,9,3,top,0
777936,CHC,9,3,bottom,1
777936,CHC,9,4,top,0
777936,CHC,9,4,bottom,0
777936,CHC,9,5,top,1
777936,CHC,9,5,bottom,1
777936,CHC,9,6,top,0
777936,CHC,9,6,bottom,0
777936,CHC,9,7,top,2
777936,CHC,9,7,bottom,0
777936,CHC,9,8,top,0
777936,CHC,9,8,bottom,0
777936,CHC,9,9,top,0
777936,CHC,9,9,bottom,3
777952,CHC,9,1,top,0
777952,CHC,9,1,bottom,0
777952,CHC,9,2,top,0
777952,CHC,9,2,bottom,0
777952,CHC,9,3,top,0
777952,CHC,9,3,bottom,0
777952,CHC,9,4,top,0
777952,CHC,9,4,bottom,0
777952,CHC,9,5,top,0
777952,CHC,9,5,bottom,5
777952,CHC,9,6,top,0
777952,CHC,9,6,bottom,0
777952,CHC,9,7,top,2
777952,CHC,9,7,bottom,0
777952,CHC,9,8,top,0
777952,CHC,9,8,bottom,0
777952,CHC,9,9,top,0
777952,CHC,9,9,bottom,NA
777966,CWS,9,1,top,0
777966,CWS,9,1,bottom,0
777966,CWS,9,2,top,0
777966,CWS,9,2,bottom,0
777966,CWS,9,3,top,0
777966,CWS,9,3,bottom,1
777966,CWS,9,4,top,1
777966,CWS,9,4,bottom,0
777966,CWS,9,5,top,0
777966,CWS,9,5,bottom,0
777966,CWS,9,6,top,0
777966,CWS,9,6,bottom,3
777966,CWS,9,7,top,1
777966,CWS,9,7,bottom,0
777966,CWS,9,8,top,0
777966,CWS,9,8,bottom,0
777966,CWS,9,9,top,0
777966,CWS,9,9,bottom,NA
777978,CWS,9,1,top,0
777978,CWS,9,1,bottom,1
777978,CWS,9,2,top,0
777978,CWS,9,2,bottom,0
777978,CWS,9,3,top,0
777978,CWS,9,3,bottom,0
777978,CWS,9,4,top,0
777978,CWS,9,4,bottom,0
777978,CWS,9,5,top,0
777978,CWS,9,5,bottom,0
777978,CWS,9,6,top,0
777978,CWS,9,6,bottom,0
777978,CWS,9,7,top,1
777978,CWS,9,7,bottom,0
777978,CWS,9,8,top,2
777978,CWS,9,8,bottom,0
777978,CWS,9,9,top,0
777978,CWS,9,9,bottom,0
777991,CWS,9,1,top,1
777991,CWS,9,1,bottom,0
777991,CWS,9,2,top,0
777991,CWS,9,2,bottom,2
777991,CWS,9,3,top,0
777991,CWS,9,3,bottom,0
777991,CWS,9,4,top,0
777991,CWS,9,4,bottom,0
777991,CWS,9,5,top,0
777991,CWS,9,5,bottom,0
777991,CWS,9,6,top,0
777991,CWS,9,6,bottom,0
777991,CWS,9,7,top,1
777991,CWS,9,7,bottom,3
777991,CWS,9,8,top,0
777991,CWS,9,8,bottom,1
777991,CWS,9,9,top,0
777991,CWS,9,9,bottom,NA
778017,MIA,9,1,top,0
778017,MIA,9,1,bottom,0
778017,MIA,9,2,top,0
778017,MIA,9,2,bottom,0
778017,MIA,9,3,top,0
778017,MIA,9,3,bottom,0
778017,MIA,9,4,top,0
778017,MIA,9,4,bottom,0
778017,MIA,9,5,top,0
778017,MIA,9,5,bottom,0
778017,MIA,9,6,top,1
778017,MIA,9,6,bottom,0
778017,MIA,9,7,top,6
778017,MIA,9,7,bottom,0
778017,MIA,9,8,top,0
778017,MIA,9,8,bottom,0
778017,MIA,9,9,top,3
778017,MIA,9,9,bottom,1
778035,MIA,10,1,top,1
778035,MIA,10,1,bottom,0
778035,MIA,10,2,top,0
778035,MIA,10,2,bottom,0
778035,MIA,10,3,top,0
778035,MIA,10,3,bottom,0
778035,MIA,10,4,top,0
778035,MIA,10,4,bottom,0
778035,MIA,10,5,top,0
778035,MIA,10,5,bottom,2
778035,MIA,10,6,top,2
778035,MIA,10,6,bottom,2
778035,MIA,10,7,top,1
778035,MIA,10,7,bottom,0
778035,MIA,10,8,top,0
778035,MIA,10,8,bottom,0
778035,MIA,10,9,top,0
778035,MIA,10,9,bottom,0
778035,MIA,10,10,top,0
778035,MIA,10,10,bottom,1
778047,MIA,9,1,top,1
778047,MIA,9,1,bottom,0
778047,MIA,9,2,top,0
778047,MIA,9,2,bottom,0
778047,MIA,9,3,top,2
778047,MIA,9,3,bottom,0
778047,MIA,9,4,top,0
778047,MIA,9,4,bottom,0
778047,MIA,9,5,top,2
778047,MIA,9,5,bottom,0
778047,MIA,9,6,top,1
778047,MIA,9,6,bottom,1
778047,MIA,9,7,top,1
778047,MIA,9,7,bottom,0
778047,MIA,9,8,top,0
778047,MIA,9,8,bottom,3
778047,MIA,9,9,top,0
778047,MIA,9,9,bottom,0
778061,MIA,9,1,top,0
778061,MIA,9,1,bottom,0
778061,MIA,9,2,top,2
778061,MIA,9,2,bottom,0
778061,MIA,9,3,top,0
778061,MIA,9,3,bottom,0
778061,MIA,9,4,top,0
778061,MIA,9,4,bottom,2
778061,MIA,9,5,top,0
778061,MIA,9,5,bottom,0
778061,MIA,9,6,top,0
778061,MIA,9,6,bottom,0
778061,MIA,9,7,top,0
778061,MIA,9,7,bottom,0
778061,MIA,9,8,top,0
778061,MIA,9,8,bottom,0
778061,MIA,9,9,top,1
778061,MIA,9,9,bottom,0
778075,MIA,9,1,top,1
778075,MIA,9,1,bottom,0
778075,MIA,9,2,top,1
778075,MIA,9,2,bottom,0
778075,MIA,9,3,top,0
778075,MIA,9,3,bottom,2
778075,MIA,9,4,top,2
778075,MIA,9,4,bottom,0
778075,MIA,9,5,top,0
778075,MIA,9,5,bottom,2
778075,MIA,9,6,top,1
778075,MIA,9,6,bottom,0
778075,MIA,9,7,top,0
778075,MIA,9,7,bottom,0
778075,MIA,9,8,top,1
778075,MIA,9,8,bottom,0
778075,MIA,9,9,top,0
778075,MIA,9,9,bottom,5
778091,MIA,9,1,top,0
778091,MIA,9,1,bottom,0
778091,MIA,9,2,top,2
778091,MIA,9,2,bottom,0
778091,MIA,9,3,top,1
778091,MIA,9,3,bottom,0
778091,MIA,9,4,top,0
778091,MIA,9,4,bottom,0
778091,MIA,9,5,top,3
778091,MIA,9,5,bottom,0
778091,MIA,9,6,top,0
778091,MIA,9,6,bottom,1
778091,MIA,9,7,top,0
778091,MIA,9,7,bottom,0
778091,MIA,9,8,top,0
778091,MIA,9,8,bottom,0
778091,MIA,9,9,top,0
778091,MIA,9,9,bottom,0
778109,LAD,9,1,top,0
778109,LAD,9,1,bottom,0
778109,LAD,9,2,top,0
778109,LAD,9,2,bottom,1
778109,LAD,9,3,top,0
778109,LAD,9,3,bottom,3
778109,LAD,9,4,top,2
778109,LAD,9,4,bottom,0
778109,LAD,9,5,top,0
778109,LAD,9,5,bottom,0
778109,LAD,9,6,top,1
778109,LAD,9,6,bottom,4
778109,LAD,9,7,top,0
778109,LAD,9,7,bottom,1
778109,LAD,9,8,top,0
778109,LAD,9,8,bottom,3
778109,LAD,9,9,top,4
778109,LAD,9,9,bottom,NA
778123,LAD,9,1,top,1
778123,LAD,9,1,bottom,3
778123,LAD,9,2,top,0
778123,LAD,9,2,bottom,1
778123,LAD,9,3,top,0
778123,LAD,9,3,bottom,3
778123,LAD,9,4,top,0
778123,LAD,9,4,bottom,0
778123,LAD,9,5,top,0
778123,LAD,9,5,bottom,0
778123,LAD,9,6,top,0
778123,LAD,9,6,bottom,4
778123,LAD,9,7,top,1
778123,LAD,9,7,bottom,1
778123,LAD,9,8,top,0
778123,LAD,9,8,bottom,3
778123,LAD,9,9,top,0
778123,LAD,9,9,bottom,NA
778132,LAD,10,1,top,0
778132,LAD,10,1,bottom,1
778132,LAD,10,2,top,0
778132,LAD,10,2,bottom,0
778132,LAD,10,3,top,0
778132,LAD,10,3,bottom,1
778132,LAD,10,4,top,0
778132,LAD,10,4,bottom,1
778132,LAD,10,5,top,0
778132,LAD,10,5,bottom,2
778132,LAD,10,6,top,5
778132,LAD,10,6,bottom,0
778132,LAD,10,7,top,0
778132,LAD,10,7,bottom,0
778132,LAD,10,8,top,0
778132,LAD,10,8,bottom,0
778132,LAD,10,9,top,0
778132,LAD,10,9,bottom,0
778132,LAD,10,10,top,1
778132,LAD,10,10,bottom,2
778136,SEA,9,1,top,1
778136,SEA,9,1,bottom,1
778136,SEA,9,2,top,0
778136,SEA,9,2,bottom,3
778136,SEA,9,3,top,0
778136,SEA,9,3,bottom,0
778136,SEA,9,4,top,0
778136,SEA,9,4,bottom,1
778136,SEA,9,5,top,1
778136,SEA,9,5,bottom,2
778136,SEA,9,6,top,1
778136,SEA,9,6,bottom,0
778136,SEA,9,7,top,0
778136,SEA,9,7,bottom,0
778136,SEA,9,8,top,3
778136,SEA,9,8,bottom,0
778136,SEA,9,9,top,0
778136,SEA,9,9,bottom,NA
778154,SEA,9,1,top,0
778154,SEA,9,1,bottom,6
778154,SEA,9,2,top,0
778154,SEA,9,2,bottom,1
778154,SEA,9,3,top,0
778154,SEA,9,3,bottom,0
778154,SEA,9,4,top,0
778154,SEA,9,4,bottom,3
778154,SEA,9,5,top,0
778154,SEA,9,5,bottom,0
778154,SEA,9,6,top,0
778154,SEA,9,6,bottom,1
778154,SEA,9,7,top,0
778154,SEA,9,7,bottom,2
778154,SEA,9,8,top,0
778154,SEA,9,8,bottom,1
778154,SEA,9,9,top,0
778154,SEA,9,9,bottom,NA
778175,SEA,9,1,top,0
778175,SEA,9,1,bottom,0
778175,SEA,9,2,top,0
778175,SEA,9,2,bottom,1
778175,SEA,9,3,top,0
778175,SEA,9,3,bottom,0
778175,SEA,9,4,top,0
778175,SEA,9,4,bottom,0
778175,SEA,9,5,top,6
778175,SEA,9,5,bottom,0
778175,SEA,9,6,top,0
778175,SEA,9,6,bottom,3
778175,SEA,9,7,top,0
778175,SEA,9,7,bottom,0
778175,SEA,9,8,top,2
778175,SEA,9,8,bottom,0
778175,SEA,9,9,top,0
778175,SEA,9,9,bottom,0
778208,MIA,9,1,top,1
778208,MIA,9,1,bottom,2
778208,MIA,9,2,top,0
778208,MIA,9,2,bottom,0
778208,MIA,9,3,top,1
778208,MIA,9,3,bottom,0
778208,MIA,9,4,top,0
778208,MIA,9,4,bottom,0
778208,MIA,9,5,top,1
778208,MIA,9,5,bottom,0
778208,MIA,9,6,top,0
778208,MIA,9,6,bottom,0
778208,MIA,9,7,top,0
778208,MIA,9,7,bottom,0
778208,MIA,9,8,top,1
778208,MIA,9,8,bottom,0
778208,MIA,9,9,top,1
778208,MIA,9,9,bottom,0
778219,MIA,9,1,top,0
778219,MIA,9,1,bottom,1
778219,MIA,9,2,top,0
778219,MIA,9,2,bottom,0
778219,MIA,9,3,top,1
778219,MIA,9,3,bottom,0
778219,MIA,9,4,top,0
778219,MIA,9,4,bottom,0
778219,MIA,9,5,top,1
778219,MIA,9,5,bottom,0
778219,MIA,9,6,top,1
778219,MIA,9,6,bottom,1
778219,MIA,9,7,top,0
778219,MIA,9,7,bottom,2
778219,MIA,9,8,top,0
778219,MIA,9,8,bottom,0
778219,MIA,9,9,top,0
778219,MIA,9,9,bottom,NA
778230,MIA,9,1,top,0
778230,MIA,9,1,bottom,0
778230,MIA,9,2,top,0
778230,MIA,9,2,bottom,2
778230,MIA,9,3,top,0
778230,MIA,9,3,bottom,0
778230,MIA,9,4,top,0
778230,MIA,9,4,bottom,0
778230,MIA,9,5,top,0
778230,MIA,9,5,bottom,1
778230,MIA,9,6,top,0
778230,MIA,9,6,bottom,0
778230,MIA,9,7,top,0
778230,MIA,9,7,bottom,3
778230,MIA,9,8,top,3
778230,MIA,9,8,bottom,0
778230,MIA,9,9,top,0
778230,MIA,9,9,bottom,NA
778248,PHI,10,1,top,0
778248,PHI,10,1,bottom,3
778248,PHI,10,2,top,1
778248,PHI,10,2,bottom,0
778248,PHI,10,3,top,0
778248,PHI,10,3,bottom,0
778248,PHI,10,4,top,0
778248,PHI,10,4,bottom,1
778248,PHI,10,5,top,0
778248,PHI,10,5,bottom,0
778248,PHI,10,6,top,0
778248,PHI,10,6,bottom,0
778248,PHI,10,7,top,1
778248,PHI,10,7,bottom,0
778248,PHI,10,8,top,3
778248,PHI,10,8,bottom,1
778248,PHI,10,9,top,0
778248,PHI,10,9,bottom,0
778248,PHI,10,10,top,2
778248,PHI,10,10,bottom,0
778252,PHI,9,1,top,0
778252,PHI,9,1,bottom,0
778252,PHI,9,2,top,0
778252,PHI,9,2,bottom,0
778252,PHI,9,3,top,0
778252,PHI,9,3,bottom,4
778252,PHI,9,4,top,1
778252,PHI,9,4,bottom,3
778252,PHI,9,5,top,0
778252,PHI,9,5,bottom,2
778252,PHI,9,6,top,3
778252,PHI,9,6,bottom,0
778252,PHI,9,7,top,0
778252,PHI,9,7,bottom,2
778252,PHI,9,8,top,0
778252,PHI,9,8,bottom,0
778252,PHI,9,9,top,6
778252,PHI,9,9,bottom,NA
778274,PHI,9,1,top,0
778274,PHI,9,1,bottom,2
778274,PHI,9,2,top,0
778274,PHI,9,2,bottom,4
778274,PHI,9,3,top,0
778274,PHI,9,3,bottom,0
778274,PHI,9,4,top,0
778274,PHI,9,4,bottom,0
778274,PHI,9,5,top,0
778274,PHI,9,5,bottom,1
778274,PHI,9,6,top,2
778274,PHI,9,6,bottom,0
778274,PHI,9,7,top,0
778274,PHI,9,7,bottom,0
778274,PHI,9,8,top,0
778274,PHI,9,8,bottom,0
778274,PHI,9,9,top,0
778274,PHI,9,9,bottom,NA
778291,MIA,9,1,top,2
778291,MIA,9,1,bottom,1
778291,MIA,9,2,top,0
778291,MIA,9,2,bottom,0
778291,MIA,9,3,top,1
778291,MIA,9,3,bottom,0
778291,MIA,9,4,top,2
778291,MIA,9,4,bottom,1
778291,MIA,9,5,top,1
778291,MIA,9,5,bottom,1
778291,MIA,9,6,top,0
778291,MIA,9,6,bottom,0
778291,MIA,9,7,top,0
778291,MIA,9,7,bottom,1
778291,MIA,9,8,top,0
778291,MIA,9,8,bottom,0
778291,MIA,9,9,top,0
778291,MIA,9,9,bottom,0
778303,MIA,9,1,top,0
778303,MIA,9,1,bottom,0
778303,MIA,9,2,top,1
778303,MIA,9,2,bottom,0
778303,MIA,9,3,top,0
778303,MIA,9,3,bottom,0
778303,MIA,9,4,top,0
778303,MIA,9,4,bottom,1
778303,MIA,9,5,top,1
778303,MIA,9,5,bottom,0
778303,MIA,9,6,top,1
778303,MIA,9,6,bottom,0
778303,MIA,9,7,top,1
778303,MIA,9,7,bottom,0
778303,MIA,9,8,top,2
778303,MIA,9,8,bottom,1
778303,MIA,9,9,top,0
778303,MIA,9,9,bottom,0
778318,MIA,9,1,top,0
778318,MIA,9,1,bottom,0
778318,MIA,9,2,top,4
778318,MIA,9,2,bottom,1
778318,MIA,9,3,top,1
778318,MIA,9,3,bottom,0
778318,MIA,9,4,top,0
778318,MIA,9,4,bottom,0
778318,MIA,9,5,top,0
778318,MIA,9,5,bottom,0
778318,MIA,9,6,top,5
778318,MIA,9,6,bottom,0
778318,MIA,9,7,top,0
778318,MIA,9,7,bottom,2
778318,MIA,9,8,top,0
778318,MIA,9,8,bottom,0
778318,MIA,9,9,top,0
778318,MIA,9,9,bottom,1
778337,MIA,9,1,top,0
778337,MIA,9,1,bottom,0
778337,MIA,9,2,top,1
778337,MIA,9,2,bottom,1
778337,MIA,9,3,top,0
778337,MIA,9,3,bottom,0
778337,MIA,9,4,top,2
778337,MIA,9,4,bottom,2
778337,MIA,9,5,top,0
778337,MIA,9,5,bottom,0
778337,MIA,9,6,top,0
778337,MIA,9,6,bottom,1
778337,MIA,9,7,top,0
778337,MIA,9,7,bottom,3
778337,MIA,9,8,top,0
778337,MIA,9,8,bottom,4
778337,MIA,9,9,top,1
778337,MIA,9,9,bottom,NA
778354,MIA,9,1,top,0
778354,MIA,9,1,bottom,0
778354,MIA,9,2,top,0
778354,MIA,9,2,bottom,1
778354,MIA,9,3,top,0
778354,MIA,9,3,bottom,2
778354,MIA,9,4,top,3
778354,MIA,9,4,bottom,0
778354,MIA,9,5,top,0
778354,MIA,9,5,bottom,3
778354,MIA,9,6,top,1
778354,MIA,9,6,bottom,1
778354,MIA,9,7,top,2
778354,MIA,9,7,bottom,0
778354,MIA,9,8,top,0
778354,MIA,9,8,bottom,0
778354,MIA,9,9,top,0
778354,MIA,9,9,bottom,NA
778369,MIA,9,1,top,0
778369,MIA,9,1,bottom,0
778369,MIA,9,2,top,0
778369,MIA,9,2,bottom,0
778369,MIA,9,3,top,0
778369,MIA,9,3,bottom,0
778369,MIA,9,4,top,0
778369,MIA,9,4,bottom,0
778369,MIA,9,5,top,0
778369,MIA,9,5,bottom,4
778369,MIA,9,6,top,2
778369,MIA,9,6,bottom,0
778369,MIA,9,7,top,0
778369,MIA,9,7,bottom,0
778369,MIA,9,8,top,3
778369,MIA,9,8,bottom,0
778369,MIA,9,9,top,2
778369,MIA,9,9,bottom,0
778390,NYM,9,1,top,0
778390,NYM,9,1,bottom,0
778390,NYM,9,2,top,0
778390,NYM,9,2,bottom,0
778390,NYM,9,3,top,0
778390,NYM,9,3,bottom,0
778390,NYM,9,4,top,0
778390,NYM,9,4,bottom,0
778390,NYM,9,5,top,2
778390,NYM,9,5,bottom,0
778390,NYM,9,6,top,0
778390,NYM,9,6,bottom,0
778390,NYM,9,7,top,0
778390,NYM,9,7,bottom,0
778390,NYM,9,8,top,0
778390,NYM,9,8,bottom,0
778390,NYM,9,9,top,3
778390,NYM,9,9,bottom,0
778407,NYM,9,1,top,2
778407,NYM,9,1,bottom,1
778407,NYM,9,2,top,0
778407,NYM,9,2,bottom,0
778407,NYM,9,3,top,0
778407,NYM,9,3,bottom,1
778407,NYM,9,4,top,0
778407,NYM,9,4,bottom,0
778407,NYM,9,5,top,0
778407,NYM,9,5,bottom,4
778407,NYM,9,6,top,3
778407,NYM,9,6,bottom,3
778407,NYM,9,7,top,0
778407,NYM,9,7,bottom,1
778407,NYM,9,8,top,0
778407,NYM,9,8,bottom,0
778407,NYM,9,9,top,0
778407,NYM,9,9,bottom,NA
778416,NYM,9,1,top,0
778416,NYM,9,1,bottom,0
778416,NYM,9,2,top,0
778416,NYM,9,2,bottom,0
778416,NYM,9,3,top,0
778416,NYM,9,3,bottom,1
778416,NYM,9,4,top,0
778416,NYM,9,4,bottom,0
778416,NYM,9,5,top,0
778416,NYM,9,5,bottom,0
778416,NYM,9,6,top,0
778416,NYM,9,6,bottom,0
778416,NYM,9,7,top,0
778416,NYM,9,7,bottom,0
778416,NYM,9,8,top,0
778416,NYM,9,8,bottom,1
778416,NYM,9,9,top,0
778416,NYM,9,9,bottom,NA
778431,ATL,9,1,top,0
778431,ATL,9,1,bottom,0
778431,ATL,9,2,top,0
778431,ATL,9,2,bottom,2
778431,ATL,9,3,top,0
778431,ATL,9,3,bottom,1
778431,ATL,9,4,top,0
778431,ATL,9,4,bottom,0
778431,ATL,9,5,top,0
778431,ATL,9,5,bottom,0
778431,ATL,9,6,top,1
778431,ATL,9,6,bottom,0
778431,ATL,9,7,top,0
778431,ATL,9,7,bottom,4
778431,ATL,9,8,top,0
778431,ATL,9,8,bottom,0
778431,ATL,9,9,top,0
778431,ATL,9,9,bottom,NA
778451,ATL,9,1,top,2
778451,ATL,9,1,bottom,0
778451,ATL,9,2,top,0
778451,ATL,9,2,bottom,0
778451,ATL,9,3,top,0
778451,ATL,9,3,bottom,0
778451,ATL,9,4,top,1
778451,ATL,9,4,bottom,0
778451,ATL,9,5,top,0
778451,ATL,9,5,bottom,0
778451,ATL,9,6,top,0
778451,ATL,9,6,bottom,0
778451,ATL,9,7,top,1
778451,ATL,9,7,bottom,0
778451,ATL,9,8,top,0
778451,ATL,9,8,bottom,0
778451,ATL,9,9,top,0
778451,ATL,9,9,bottom,0
778464,ATL,9,1,top,0
778464,ATL,9,1,bottom,0
778464,ATL,9,2,top,0
778464,ATL,9,2,bottom,0
778464,ATL,9,3,top,0
778464,ATL,9,3,bottom,3
778464,ATL,9,4,top,0
778464,ATL,9,4,bottom,0
778464,ATL,9,5,top,0
778464,ATL,9,5,bottom,0
778464,ATL,9,6,top,0
778464,ATL,9,6,bottom,0
778464,ATL,9,7,top,0
778464,ATL,9,7,bottom,2
778464,ATL,9,8,top,0
778464,ATL,9,8,bottom,5
778464,ATL,9,9,top,0
778464,ATL,9,9,bottom,NA
778481,MIA,11,1,top,1
778481,MIA,11,1,bottom,0
778481,MIA,11,2,top,0
778481,MIA,11,2,bottom,0
778481,MIA,11,3,top,0
778481,MIA,11,3,bottom,2
778481,MIA,11,4,top,0
778481,MIA,11,4,bottom,0
778481,MIA,11,5,top,0
778481,MIA,11,5,bottom,0
778481,MIA,11,6,top,0
778481,MIA,11,6,bottom,0
778481,MIA,11,7,top,0
778481,MIA,11,7,bottom,2
778481,MIA,11,8,top,3
778481,MIA,11,8,bottom,0
778481,MIA,11,9,top,0
778481,MIA,11,9,bottom,0
778481,MIA,11,10,top,0
778481,MIA,11,10,bottom,0
778481,MIA,11,11,top,2
778481,MIA,11,11,bottom,1
778497,MIA,9,1,top,0
778497,MIA,9,1,bottom,2
778497,MIA,9,2,top,1
778497,MIA,9,2,bottom,0
778497,MIA,9,3,top,1
778497,MIA,9,3,bottom,0
778497,MIA,9,4,top,0
778497,MIA,9,4,bottom,2
778497,MIA,9,5,top,0
778497,MIA,9,5,bottom,0
778497,MIA,9,6,top,0
778497,MIA,9,6,bottom,0
778497,MIA,9,7,top,0
778497,MIA,9,7,bottom,0
778497,MIA,9,8,top,0
778497,MIA,9,8,bottom,0
778497,MIA,9,9,top,0
778497,MIA,9,9,bottom,NA
778509,MIA,9,1,top,0
778509,MIA,9,1,bottom,1
778509,MIA,9,2,top,0
778509,MIA,9,2,bottom,0
778509,MIA,9,3,top,1
778509,MIA,9,3,bottom,0
778509,MIA,9,4,top,0
778509,MIA,9,4,bottom,0
778509,MIA,9,5,top,7
778509,MIA,9,5,bottom,0
778509,MIA,9,6,top,2
778509,MIA,9,6,bottom,1
778509,MIA,9,7,top,0
778509,MIA,9,7,bottom,0
778509,MIA,9,8,top,0
778509,MIA,9,8,bottom,0
778509,MIA,9,9,top,0
778509,MIA,9,9,bottom,2
778519,MIA,9,1,top,0
778519,MIA,9,1,bottom,0
778519,MIA,9,2,top,1
778519,MIA,9,2,bottom,1
778519,MIA,9,3,top,0
778519,MIA,9,3,bottom,0
778519,MIA,9,4,top,0
778519,MIA,9,4,bottom,0
778519,MIA,9,5,top,1
778519,MIA,9,5,bottom,0
778519,MIA,9,6,top,0
778519,MIA,9,6,bottom,0
778519,MIA,9,7,top,0
778519,MIA,9,7,bottom,1
778519,MIA,9,8,top,0
778519,MIA,9,8,bottom,0
778519,MIA,9,9,top,0
778519,MIA,9,9,bottom,1
778539,MIA,12,1,top,1
778539,MIA,12,1,bottom,0
778539,MIA,12,2,top,0
778539,MIA,12,2,bottom,0
778539,MIA,12,3,top,0
778539,MIA,12,3,bottom,0
778539,MIA,12,4,top,0
778539,MIA,12,4,bottom,0
778539,MIA,12,5,top,0
778539,MIA,12,5,bottom,1
778539,MIA,12,6,top,1
778539,MIA,12,6,bottom,1
778539,MIA,12,7,top,1
778539,MIA,12,7,bottom,1
778539,MIA,12,8,top,0
778539,MIA,12,8,bottom,0
778539,MIA,12,9,top,0
778539,MIA,12,9,bottom,0
778539,MIA,12,10,top,0
778539,MIA,12,10,bottom,0
778539,MIA,12,11,top,1
778539,MIA,12,11,bottom,1
778539,MIA,12,12,top,0
778539,MIA,12,12,bottom,1
778548,MIA,9,1,top,0
778548,MIA,9,1,bottom,0
778548,MIA,9,2,top,0
778548,MIA,9,2,bottom,0
778548,MIA,9,3,top,0
778548,MIA,9,3,bottom,0
778548,MIA,9,4,top,2
778548,MIA,9,4,bottom,0
778548,MIA,9,5,top,2
778548,MIA,9,5,bottom,1
778548,MIA,9,6,top,0
778548,MIA,9,6,bottom,0
778548,MIA,9,7,top,0
778548,MIA,9,7,bottom,0
778548,MIA,9,8,top,0
778548,MIA,9,8,bottom,0
778548,MIA,9,9,top,0
778548,MIA,9,9,bottom,2
778562,MIA,9,1,top,0
778562,MIA,9,1,bottom,0
778562,MIA,9,2,top,0
778562,MIA,9,2,bottom,0
778562,MIA,9,3,top,0
778562,MIA,9,3,bottom,1
778562,MIA,9,4,top,0
778562,MIA,9,4,bottom,0
778562,MIA,9,5,top,2
778562,MIA,9,5,bottom,0
778562,MIA,9,6,top,2
778562,MIA,9,6,bottom,1
778562,MIA,9,7,top,0
778562,MIA,9,7,bottom,0
778562,MIA,9,8,top,0
778562,MIA,9,8,bottom,2
778562,MIA,9,9,top,0
778562,MIA,9,9,bottom,1
