season,player_id,sprint_speed
2021,607208,30.6
2021,641796,30.6
2021,656537,30.4
2021,664983,30.4
2021,642201,30.4
2021,622761,30.3
2021,642350,30.2
2021,596451,30.0
2021,542932,29.9
2021,621439,29.9
2021,666176,29.9
2021,641658,29.8
2021,665750,29.7
2021,641553,29.7
2021,624641,29.7
2021,641933,29.6
2021,546990,29.6
2021,571740,29.5
2021,642708,29.5
2021,664056,29.4
2021,664059,29.4
2021,660670,29.4
2021,605548,29.4
2021,623205,29.4
2021,680776,29.3
2021,664702,29.3
2021,664057,29.3
2021,665487,29.2
2021,621006,29.2
2021,545361,29.2
2021,658668,29.2
2021,664314,29.2
2021,595281,29.2
2021,676694,29.2
2021,594838,29.1
2021,642180,29.1
2021,665862,29.1
2021,663630,29.1
2021,669016,29.1
2021,670084,29.1
2021,663837,29.1
2021,680911,29.1
2021,666158,29.1
2021,665926,29.1
2021,669222,29.0
2021,669256,29.0
2021,657041,29.0
2021,663897,28.9
2021,621450,28.9
2021,670042,28.9
2021,656541,28.9
2021,669242,28.9
2021,666931,28.9
2021,672701,28.9
2021,640458,28.9
2021,656847,28.9
2021,607043,28.9
2021,642423,28.8
2021,668731,28.8
2021,592663,28.8
2021,621035,28.8
2021,665506,28.8
2021,663757,28.8
2021,534606,28.8
2021,660271,28.8
2021,545350,28.8
2021,663538,28.8
2021,622682,28.8
2021,676801,28.7
2021,668227,28.7
2021,514917,28.7
2021,656308,28.7
2021,650489,28.7
2021,456715,28.7
2021,457705,28.7
2021,672779,28.6
2021,641505,28.6
2021,596115,28.6
2021,668804,28.6
2021,541645,28.6
2021,622534,28.6
2021,621438,28.6
2021,621446,28.6
2021,623912,28.6
2021,458731,28.6
2021,614173,28.6
2021,543760,28.6
2021,670764,28.6
2021,593160,28.6
2021,594694,28.5
2021,630105,28.5
2021,595879,28.5
2021,677551,28.5
2021,656775,28.5
2021,608671,28.5
2021,592348,28.5
2021,663697,28.5
2021,606192,28.5
2021,516782,28.5
2021,594807,28.5
2021,595981,28.5
2021,621433,28.5
2021,676391,28.5
2021,662139,28.4
2021,609275,28.4
2021,544725,28.4
2021,642731,28.4
2021,673490,28.4
2021,666969,28.4
2021,645277,28.4
2021,596103,28.4
2021,621453,28.4
2021,663457,28.4
2021,664238,28.4
2021,543807,28.4
2021,571976,28.3
2021,621028,28.4
2021,592261,28.3
2021,592885,28.3
2021,621020,28.3
2021,641943,28.3
2021,669288,28.3
2021,595751,28.3
2021,642721,28.3
2021,664728,28.3
2021,606132,28.3
2021,670097,28.3
2021,665482,28.3
2021,624415,28.3
2021,606157,28.3
2021,644374,28.3
2021,645302,28.3
2021,578428,28.2
2021,663330,28.2
2021,602074,28.2
2021,663662,28.2
2021,641531,28.2
2021,572191,28.2
2021,641561,28.2
2021,670032,28.2
2021,666915,28.2
2021,501571,28.2
2021,621493,28.2
2021,641313,28.2
2021,650559,28.1
2021,670370,28.1
2021,656305,28.1
2021,666160,28.1
2021,607054,28.1
2021,650859,28.1
2021,518586,28.1
2021,608070,28.1
2021,664913,28.1
2021,596117,28.1
2021,545341,28.1
2021,647351,28.1
2021,621550,28.1
2021,641583,28.1
2021,572008,28.1
2021,660829,28.1
2021,673451,28.0
2021,656185,28.1
2021,643396,28.0
2021,666182,28.0
2021,641355,28.0
2021,656716,28.0
2021,663853,28.0
2021,663624,28.0
2021,663611,28.0
2021,664789,28.0
2021,628451,28.0
2021,594809,28.0
2021,624414,28.0
2021,673357,28.0
2021,514888,28.0
2021,642715,28.0
2021,666211,27.9
2021,657108,27.9
2021,593871,27.9
2021,670712,27.9
2021,643289,27.9
2021,666185,27.9
2021,660821,27.9
2021,595909,27.9
2021,606992,27.9
2021,657193,27.9
2021,542454,27.9
2021,502481,27.9
2021,592178,27.9
2021,621563,27.9
2021,660162,27.8
2021,665561,27.8
2021,676480,27.8
2021,592325,27.8
2021,656811,27.8
2021,502054,27.8
2021,605113,27.8
2021,596019,27.8
2021,501659,27.8
2021,546991,27.8
2021,663647,27.8
2021,547180,27.8
2021,663586,27.8
2021,624503,27.8
2021,628338,27.8
2021,669257,27.7
2021,669394,27.8
2021,642221,27.8
2021,592192,27.8
2021,621311,27.7
2021,571980,27.7
2021,622569,27.7
2021,664761,27.7
2021,572041,27.7
2021,543257,27.7
2021,641584,27.7
2021,664023,27.7
2021,643376,27.7
2021,502273,27.7
2021,593428,27.7
2021,592450,27.7
2021,641786,27.7
2021,544369,27.7
2021,657434,27.6
2021,592206,27.6
2021,664058,27.6
2021,453568,27.6
2021,657656,27.6
2021,641856,27.6
2021,657061,27.6
2021,607680,27.6
2021,444482,27.6
2021,641829,27.6
2021,643217,27.6
2021,664040,27.6
2021,668942,27.6
2021,606299,27.6
2021,595943,27.6
2021,658069,27.6
2021,602922,27.6
2021,609280,27.5
2021,650391,27.5
2021,575929,27.5
2021,641487,27.5
2021,621573,27.5
2021,657557,27.5
2021,444876,27.5
2021,461865,27.5
2021,640457,27.5
2021,542364,27.5
2021,656669,27.5
2021,670770,27.4
2021,592444,27.4
2021,457708,27.4
2021,596146,27.4
2021,570481,27.4
2021,543543,27.4
2021,500871,27.4
2021,663656,27.4
2021,571771,27.4
2021,666135,27.4
2021,641343,27.4
2021,572233,27.4
2021,571718,27.4
2021,656896,27.4
2021,608336,27.4
2021,608701,27.3
2021,546318,27.3
2021,573262,27.4
2021,592696,27.4
2021,666198,27.3
2021,669289,27.3
2021,572816,27.3
2021,666801,27.3
2021,595284,27.3
2021,669720,27.3
2021,672695,27.3
2021,542340,27.3
2021,516416,27.3
2021,663993,27.3
2021,642727,27.3
2021,668670,27.3
2021,519306,27.2
2021,592669,27.2
2021,600869,27.2
2021,670351,27.2
2021,672284,27.2
2021,605141,27.2
2021,608686,27.2
2021,643565,27.2
2021,592859,27.2
2021,598265,27.2
2021,623520,27.2
2021,669374,27.2
2021,667670,27.2
2021,570256,27.2
2021,571745,27.2
2021,646240,27.1
2021,621011,27.1
2021,607461,27.1
2021,621532,27.1
2021,624428,27.1
2021,649557,27.1
2021,665155,27.1
2021,640449,27.1
2021,665742,27.0
2021,571657,27.0
2021,570731,27.0
2021,624424,27.0
2021,671277,27.0
2021,641914,27.0
2021,657077,27.0
2021,642211,27.0
2021,665120,27.0
2021,621043,27.0
2021,650402,27.0
2021,596825,27.0
2021,642336,27.0
2021,493329,27.0
2021,656252,27.0
2021,643446,27.0
2021,545121,27.0
2021,605119,27.0
2021,665489,27.0
2021,600524,27.0
2021,656403,27.0
2021,660620,27.0
2021,676701,26.9
2021,642162,27.0
2021,602104,27.0
2021,663728,27.0
2021,656582,26.9
2021,661388,26.9
2021,624585,26.9
2021,608596,26.9
2021,605131,26.9
2021,518692,26.9
2021,622268,26.9
2021,656577,26.9
2021,605204,26.9
2021,591720,26.9
2021,660634,26.9
2021,591971,26.9
2021,501303,26.9
2021,592626,26.9
2021,663886,26.8
2021,642165,26.8
2021,650333,26.8
2021,663898,26.8
2021,664247,26.8
2021,620443,26.8
2021,542255,26.8
2021,593643,26.8
2021,606466,26.8
2021,518792,26.8
2021,666163,26.8
2021,643393,26.8
2021,606115,26.8
2021,656941,26.8
2021,543939,26.8
2021,543281,26.8
2021,596059,26.8
2021,503556,26.8
2021,553993,26.7
2021,543105,26.7
2021,657757,26.7
2021,592863,26.7
2021,543305,26.7
2021,462101,26.7
2021,571970,26.7
2021,543510,26.7
2021,621466,26.7
2021,666971,26.7
2021,640461,26.6
2021,475582,26.6
2021,664901,26.6
2021,650490,26.6
2021,500743,26.6
2021,518934,26.6
2021,663845,26.6
2021,488771,26.6
2021,621002,26.5
2021,547989,26.5
2021,649966,26.5
2021,656976,26.5
2021,641820,26.5
2021,643418,26.5
2021,593934,26.5
2021,664774,26.5
2021,474568,26.5
2021,613564,26.5
2021,663616,26.5
2021,608369,26.5
2021,592518,26.4
2021,670541,26.4
2021,608577,26.4
2021,647304,26.4
2021,542303,26.4
2021,683734,26.4
2021,592656,26.4
2021,518595,26.4
2021,656555,26.4
2021,624512,26.4
2021,606213,26.4
2021,622110,26.4
2021,606988,26.4
2021,670623,26.4
2021,545358,26.3
2021,502210,26.3
2021,572863,26.3
2021,621458,26.3
2021,543228,26.3
2021,592273,26.3
2021,656180,26.3
2021,519390,26.3
2021,642086,26.3
2021,502671,26.3
2021,642736,26.3
2021,459964,26.3
2021,605137,26.2
2021,622100,26.2
2021,641857,26.2
2021,595777,26.2
2021,605412,26.2
2021,605612,26.2
2021,660294,26.2
2021,641432,26.2
2021,623993,26.2
2021,592743,26.2
2021,643265,26.2
2021,571788,26.2
2021,643524,26.2
2021,516770,26.2
2021,571875,26.1
2021,446334,26.1
2021,605361,26.1
2021,456781,26.1
2021,614177,26.1
2021,543592,26.1
2021,502110,26.1
2021,467827,26.1
2021,664670,26.1
2021,521692,26.1
2021,643269,26.0
2021,572287,26.1
2021,543068,26.0
2021,543333,26.0
2021,624413,26.0
2021,425784,26.0
2021,641680,26.0
2021,600474,26.0
2021,443558,26.0
2021,641645,25.9
2021,621566,25.9
2021,520471,25.9
2021,605244,25.9
2021,572039,25.9
2021,656371,25.9
2021,553869,25.8
2021,573131,25.8
2021,669134,25.8
2021,543063,25.8
2021,608385,25.8
2021,669221,25.8
2021,664874,25.8
2021,506703,25.8
2021,664850,25.8
2021,680777,25.8
2021,457759,25.8
2021,488726,25.7
2021,592530,25.7
2021,570482,25.7
2021,572122,25.7
2021,572761,25.7
2021,571912,25.7
2021,608324,25.7
2021,668800,25.7
2021,607111,25.7
2021,608422,25.7
2021,547004,25.7
2021,660688,25.6
2021,501981,25.6
2021,474832,25.6
2021,641598,25.6
2021,621512,25.6
2021,608348,25.6
2021,519299,25.5
2021,608700,25.5
2021,596142,25.5
2021,663799,25.5
2021,571448,25.5
2021,607345,25.4
2021,641470,25.4
2021,650331,25.4
2021,593590,25.4
2021,543309,25.4
2021,628450,25.4
2021,543685,25.4
2021,596847,25.3
2021,664034,25.3
2021,476704,25.3
2021,553882,25.3
2021,519058,25.3
2021,571431,25.3
2021,624513,25.3
2021,656467,25.3
2021,543877,25.2
2021,458015,25.2
2021,519203,25.2
2021,605421,25.2
2021,642851,25.1
2021,650968,25.1
2021,642133,25.1
2021,596056,25.1
2021,444489,25.1
2021,543768,25.1
2021,467793,25.0
2021,596748,25.0
2021,592200,25.0
2021,452678,25.0
2021,642082,24.9
2021,607468,24.9
2021,600303,24.9
2021,572228,24.9
2021,455139,24.9
2021,605170,24.9
2021,668663,24.9
2021,594777,24.8
2021,665861,24.8
2021,519222,24.8
2021,543432,24.7
2021,547379,24.7
2021,672386,24.7
2021,519317,24.7
2021,595956,24.7
2021,527038,24.6
2021,435559,24.6
2021,518626,24.6
2021,624431,24.6
2021,595978,24.5
2021,519048,24.5
2021,596129,24.4
2021,571466,24.4
2021,542583,24.4
2021,457763,24.3
2021,453943,24.2
2021,488671,24.2
2021,553902,24.2
2021,607732,24.2
2021,595453,24.2
2021,408234,24.0
2021,592567,23.9
2021,467092,23.8
2021,455117,23.8
2021,506702,23.7
2021,518735,23.6
2021,645801,23.1
2021,425877,22.7
2021,467055,22.6
2021,405395,22.5
2022,682998,30.7
2022,642350,30.3
2022,677951,30.3
2022,607208,30.3
2022,669352,30.3
2022,641796,30.2
2022,622761,30.1
2022,664983,30.1
2022,669003,30.1
2022,592144,30.0
2022,642201,30.0
2022,641512,30.0
2022,665833,29.9
2022,665923,29.8
2022,666176,29.7
2022,677594,29.7
2022,641933,29.7
2022,656537,29.6
2022,681987,29.6
2022,542932,29.5
2022,642423,29.5
2022,596451,29.5
2022,663837,29.5
2022,642708,29.4
2022,641658,29.4
2022,624641,29.4
2022,665161,29.4
2022,640492,29.4
2022,671083,29.4
2022,671739,29.4
2022,657041,29.4
2022,665750,29.3
2022,665862,29.3
2022,677950,29.3
2022,664702,29.3
2022,545361,29.3
2022,670042,29.3
2022,605548,29.3
2022,665926,29.3
2022,680776,29.2
2022,663630,29.2
2022,666181,29.2
2022,595281,29.2
2022,641553,29.1
2022,665650,29.1
2022,621439,29.1
2022,623205,29.1
2022,663538,29.1
2022,664056,29.1
2022,656413,29.1
2022,608671,29.1
2022,642180,29.1
2022,677649,29.1
2022,681082,29.0
2022,683002,29.0
2022,594838,29.0
2022,680911,29.0
2022,621433,29.0
2022,682928,29.0
2022,678225,29.0
2022,672724,28.9
2022,457705,28.9
2022,664059,28.9
2022,621446,28.9
2022,657136,28.9
2022,666139,28.9
2022,676694,28.9
2022,668731,28.9
2022,669016,28.8
2022,656495,28.8
2022,666624,28.8
2022,543760,28.8
2022,663757,28.8
2022,669450,28.8
2022,666158,28.8
2022,660757,28.8
2022,656308,28.8
2022,645302,28.8
2022,672779,28.8
2022,621006,28.8
2022,668227,28.8
2022,670764,28.8
2022,669242,28.7
2022,572191,28.7
2022,592663,28.7
2022,545350,28.7
2022,656541,28.7
2022,606157,28.7
2022,663897,28.7
2022,669222,28.7
2022,595751,28.7
2022,669127,28.7
2022,669261,28.6
2022,669256,28.6
2022,593160,28.6
2022,607043,28.6
2022,676801,28.6
2022,663853,28.6
2022,614173,28.6
2022,658668,28.6
2022,606192,28.6
2022,663662,28.6
2022,671221,28.6
2022,656448,28.6
2022,665506,28.6
2022,660644,28.5
2022,660670,28.5
2022,622168,28.5
2022,641684,28.5
2022,621035,28.5
2022,624415,28.5
2022,682073,28.5
2022,642456,28.5
2022,641943,28.5
2022,672580,28.5
2022,656775,28.5
2022,607054,28.5
2022,608070,28.5
2022,621438,28.4
2022,596115,28.4
2022,680757,28.4
2022,643396,28.4
2022,543829,28.4
2022,641313,28.4
2022,578428,28.4
2022,673490,28.4
2022,544725,28.4
2022,644374,28.4
2022,621493,28.4
2022,656305,28.4
2022,621020,28.4
2022,669743,28.4
2022,676628,28.4
2022,668904,28.4
2022,640458,28.4
2022,656716,28.3
2022,650489,28.3
2022,670242,28.3
2022,673548,28.3
2022,656185,28.3
2022,669911,28.3
2022,514917,28.3
2022,664238,28.3
2022,456715,28.3
2022,541645,28.3
2022,650339,28.3
2022,543807,28.3
2022,660271,28.2
2022,668804,28.2
2022,666160,28.2
2022,641513,28.2
2022,669701,28.2
2022,668952,28.2
2022,676391,28.2
2022,666915,28.2
2022,630105,28.2
2022,571976,28.2
2022,643289,28.2
2022,676369,28.2
2022,642721,28.2
2022,606132,28.2
2022,642731,28.2
2022,596103,28.2
2022,663457,28.2
2022,680814,28.2
2022,670768,28.2
2022,444876,28.2
2022,656514,28.2
2022,592885,28.1
2022,666134,28.1
2022,686676,28.1
2022,671289,28.1
2022,593871,28.1
2022,602074,28.1
2022,670770,28.1
2022,623912,28.1
2022,542194,28.1
2022,641505,28.1
2022,656248,28.1
2022,666185,28.1
2022,641355,28.1
2022,514888,28.1
2022,672356,28.0
2022,662139,28.0
2022,628338,28.0
2022,595909,28.0
2022,664728,28.0
2022,641779,28.0
2022,570481,28.0
2022,594807,28.0
2022,545341,28.0
2022,647351,28.0
2022,650859,27.9
2022,516782,28.0
2022,605113,27.9
2022,664314,27.9
2022,595879,27.9
2022,502054,27.9
2022,622534,27.9
2022,666969,27.9
2022,592325,27.9
2022,673357,27.9
2022,665482,27.9
2022,593428,27.9
2022,500871,27.9
2022,543257,27.9
2022,606992,27.9
2022,676632,27.9
2022,664023,27.9
2022,621028,27.9
2022,641584,27.9
2022,543305,27.9
2022,641531,27.9
2022,663647,27.9
2022,518586,27.8
2022,596146,27.8
2022,624414,27.8
2022,680700,27.8
2022,621450,27.8
2022,667670,27.8
2022,572008,27.8
2022,679529,27.8
2022,664913,27.8
2022,663743,27.8
2022,453568,27.8
2022,621550,27.8
2022,677551,27.8
2022,676480,27.8
2022,571980,27.8
2022,669720,27.8
2022,650559,27.8
2022,572041,27.8
2022,624503,27.8
2022,669004,27.8
2022,663586,27.8
2022,609275,27.8
2022,642715,27.8
2022,669394,27.7
2022,572204,27.7
2022,621453,27.7
2022,657557,27.7
2022,687093,27.7
2022,666464,27.7
2022,682985,27.7
2022,670032,27.7
2022,663697,27.7
2022,649557,27.7
2022,656669,27.7
2022,516416,27.7
2022,670276,27.7
2022,657061,27.7
2022,670712,27.7
2022,668709,27.7
2022,669397,27.7
2022,642727,27.7
2022,592206,27.7
2022,547180,27.6
2022,666135,27.6
2022,622268,27.6
2022,596019,27.6
2022,672820,27.6
2022,643217,27.6
2022,657656,27.6
2022,592696,27.6
2022,546991,27.6
2022,675656,27.6
2022,665828,27.6
2022,664029,27.6
2022,605119,27.5
2022,622682,27.6
2022,645277,27.5
2022,575929,27.5
2022,444482,27.5
2022,501571,27.5
2022,664040,27.5
2022,669374,27.5
2022,672515,27.5
2022,592348,27.5
2022,666182,27.5
2022,669257,27.5
2022,686823,27.5
2022,663624,27.5
2022,643376,27.5
2022,670869,27.5
2022,592622,27.5
2022,592192,27.5
2022,668715,27.4
2022,668843,27.4
2022,660162,27.4
2022,671218,27.4
2022,605141,27.4
2022,660829,27.4
2022,660650,27.4
2022,663611,27.4
2022,609280,27.4
2022,678662,27.4
2022,628451,27.4
2022,608703,27.4
2022,666801,27.4
2022,643446,27.4
2022,621563,27.3
2022,660636,27.3
2022,668942,27.3
2022,665019,27.3
2022,544369,27.3
2022,681481,27.3
2022,666971,27.3
2022,592450,27.3
2022,660821,27.3
2022,672695,27.3
2022,608686,27.3
2022,592178,27.3
2022,672284,27.3
2022,596117,27.3
2022,679631,27.3
2022,600869,27.3
2022,663698,27.2
2022,656811,27.2
2022,680977,27.2
2022,571970,27.2
2022,640457,27.2
2022,668472,27.2
2022,608336,27.2
2022,668939,27.1
2022,545121,27.1
2022,543281,27.1
2022,606993,27.1
2022,592669,27.1
2022,663993,27.1
2022,608701,27.1
2022,543543,27.1
2022,621043,27.1
2022,650490,27.1
2022,596059,27.1
2022,542364,27.1
2022,686681,27.1
2022,641856,27.0
2022,598265,27.1
2022,518792,27.0
2022,664761,27.0
2022,669065,27.0
2022,673962,27.0
2022,592273,27.0
2022,570731,27.0
2022,624585,27.0
2022,669357,27.0
2022,546318,27.0
2022,671277,27.0
2022,573262,27.0
2022,669289,27.0
2022,669087,27.0
2022,606466,27.0
2022,661388,27.0
2022,663616,27.0
2022,572816,27.0
2022,542921,26.9
2022,642336,26.9
2022,493329,26.9
2022,571771,26.9
2022,650402,26.9
2022,681146,26.9
2022,641487,26.9
2022,621532,26.9
2022,656896,26.9
2022,683146,26.9
2022,650333,26.9
2022,660707,26.9
2022,571745,26.9
2022,518692,26.9
2022,608596,26.8
2022,624428,26.8
2022,622110,26.8
2022,666211,26.8
2022,657077,26.8
2022,656582,26.8
2022,607461,26.8
2022,650907,26.8
2022,660766,26.8
2022,676701,26.8
2022,664247,26.8
2022,542340,26.8
2022,663728,26.8
2022,676950,26.7
2022,665155,26.7
2022,656695,26.8
2022,660634,26.8
2022,571657,26.7
2022,665489,26.7
2022,681584,26.7
2022,613564,26.7
2022,623168,26.7
2022,663898,26.7
2022,663656,26.7
2022,602104,26.7
2022,656180,26.7
2022,605131,26.7
2022,623520,26.6
2022,592743,26.6
2022,657757,26.6
2022,623993,26.6
2022,665154,26.6
2022,542303,26.6
2022,640449,26.6
2022,670541,26.6
2022,665742,26.6
2022,608324,26.6
2022,663886,26.6
2022,572233,26.6
2022,595777,26.6
2022,664670,26.6
2022,656976,26.6
2022,642020,26.5
2022,501659,26.5
2022,595284,26.5
2022,605204,26.5
2022,677954,26.5
2022,661531,26.4
2022,641914,26.4
2022,543592,26.4
2022,656941,26.4
2022,606115,26.4
2022,501303,26.4
2022,649966,26.4
2022,518934,26.4
2022,670351,26.4
2022,500743,26.4
2022,503556,26.4
2022,683021,26.4
2022,641598,26.4
2022,664731,26.4
2022,592518,26.4
2022,621566,26.3
2022,663845,26.3
2022,643265,26.3
2022,543228,26.3
2022,502671,26.3
2022,488771,26.3
2022,669742,26.3
2022,605612,26.3
2022,642086,26.3
2022,643393,26.3
2022,608577,26.3
2022,605137,26.2
2022,543685,26.3
2022,669304,26.2
2022,683734,26.2
2022,608369,26.2
2022,660620,26.2
2022,620443,26.2
2022,543939,26.2
2022,670623,26.2
2022,502110,26.1
2022,462101,26.1
2022,669221,26.1
2022,518595,26.1
2022,664058,26.1
2022,641511,26.1
2022,543510,26.1
2022,668721,26.1
2022,672478,26.1
2022,642165,26.1
2022,669134,26.1
2022,668751,26.1
2022,664901,26.1
2022,547989,26.1
2022,660294,26.1
2022,553869,26.1
2022,571875,26.1
2022,680777,26.1
2022,572761,26.0
2022,624512,26.0
2022,641680,26.0
2022,605244,26.0
2022,592626,26.0
2022,664874,26.0
2022,614177,26.0
2022,666018,26.0
2022,593643,25.9
2022,664774,25.9
2022,656555,25.9
2022,665120,25.9
2022,640461,25.9
2022,641645,25.9
2022,543105,25.9
2022,456781,25.9
2022,553993,25.9
2022,668800,25.8
2022,608841,25.8
2022,543309,25.8
2022,543333,25.8
2022,641857,25.8
2022,606213,25.8
2022,570482,25.8
2022,641432,25.8
2022,467793,25.7
2022,573131,25.7
2022,519390,25.7
2022,608348,25.7
2022,518626,25.7
2022,572287,25.7
2022,650391,25.7
2022,624413,25.7
2022,605353,25.7
2022,663527,25.7
2022,686469,25.6
2022,628450,25.6
2022,608385,25.6
2022,643524,25.6
2022,646240,25.6
2022,641820,25.6
2022,650619,25.6
2022,621512,25.6
2022,545358,25.6
2022,443558,25.5
2022,571912,25.5
2022,543877,25.5
2022,571448,25.5
2022,519203,25.5
2022,596748,25.5
2022,543063,25.5
2022,594777,25.4
2022,488726,25.4
2022,446334,25.4
2022,676646,25.4
2022,647304,25.3
2022,458015,25.3
2022,660688,25.3
2022,521692,25.3
2022,621458,25.3
2022,676475,25.3
2022,645444,25.3
2022,527038,25.3
2022,543068,25.2
2022,596142,25.2
2022,572039,25.2
2022,547379,25.2
2022,519058,25.1
2022,476704,25.1
2022,596847,25.1
2022,624431,25.1
2022,665861,25.0
2022,457759,25.0
2022,606019,25.0
2022,605170,24.9
2022,671213,24.9
2022,642851,24.9
2022,595956,24.9
2022,600303,24.9
2022,622666,24.8
2022,608700,24.8
2022,519222,24.8
2022,664034,24.8
2022,572228,24.7
2022,650331,24.7
2022,666179,24.7
2022,657709,24.7
2022,592200,24.6
2022,641470,24.6
2022,605421,24.5
2022,519317,24.5
2022,595978,24.5
2022,642136,24.5
2022,553902,24.5
2022,429664,24.4
2022,645801,24.4
2022,474832,24.4
2022,553882,24.3
2022,435559,24.3
2022,664850,24.3
2022,595453,24.2
2022,672386,24.2
2022,592567,24.2
2022,668663,24.1
2022,641786,24.1
2022,596129,24.0
2022,642133,24.0
2022,542583,24.0
2022,571466,23.9
2022,607732,23.7
2022,455139,23.7
2022,506702,23.7
2022,408234,23.1
2022,405395,22.7
2022,455117,22.6
2022,518735,22.1
2022,425877,21.8
2023,682829,30.5
2023,677951,30.5
2023,680118,30.3
2023,607208,30.3
2023,669352,30.2
2023,666149,30.1
2023,622761,30.1
2023,682998,30.1
2023,663368,30.0
2023,691783,30.0
2023,664983,30.0
2023,696285,30.0
2023,686668,29.9
2023,641658,29.8
2023,676356,29.7
2023,642350,29.7
2023,678225,29.7
2023,656537,29.7
2023,665923,29.6
2023,640492,29.6
2023,694497,29.6
2023,677594,29.6
2023,679032,29.5
2023,680776,29.5
2023,681987,29.5
2023,545361,29.5
2023,665161,29.4
2023,668930,29.4
2023,642708,29.4
2023,685133,29.4
2023,678894,29.3
2023,542932,29.3
2023,657041,29.3
2023,663853,29.3
2023,664314,29.3
2023,621439,29.3
2023,669003,29.3
2023,665487,29.3
2023,641796,29.2
2023,624641,29.2
2023,664057,29.2
2023,677347,29.2
2023,665926,29.2
2023,677941,29.2
2023,691026,29.2
2023,664059,29.2
2023,666152,29.2
2023,656413,29.2
2023,664702,29.2
2023,676694,29.2
2023,665750,29.1
2023,663837,29.1
2023,682622,29.1
2023,677649,29.1
2023,669392,29.1
2023,680869,29.0
2023,668731,29.0
2023,680911,29.0
2023,680574,29.0
2023,666176,29.0
2023,678009,29.0
2023,676609,29.0
2023,608671,29.0
2023,642180,28.9
2023,686759,28.9
2023,656541,28.9
2023,667472,28.9
2023,686894,28.9
2023,681546,28.9
2023,641505,28.9
2023,676059,28.9
2023,687799,28.9
2023,666181,28.8
2023,669242,28.8
2023,681082,28.8
2023,595281,28.8
2023,669743,28.8
2023,671739,28.8
2023,669369,28.8
2023,572041,28.8
2023,677950,28.8
2023,693304,28.8
2023,670042,28.8
2023,596115,28.8
2023,683002,28.8
2023,621438,28.8
2023,664056,28.8
2023,593160,28.8
2023,545350,28.8
2023,666139,28.7
2023,679881,28.7
2023,678882,28.7
2023,672724,28.7
2023,656308,28.7
2023,572191,28.7
2023,543760,28.7
2023,663630,28.7
2023,671221,28.7
2023,673357,28.7
2023,606132,28.7
2023,665833,28.7
2023,592663,28.6
2023,666160,28.6
2023,670156,28.6
2023,658668,28.6
2023,691406,28.6
2023,671289,28.6
2023,666624,28.6
2023,682928,28.6
2023,650489,28.6
2023,669016,28.6
2023,606192,28.6
2023,686217,28.6
2023,676946,28.6
2023,678545,28.6
2023,669261,28.6
2023,656716,28.5
2023,595751,28.5
2023,691023,28.5
2023,663538,28.5
2023,686452,28.5
2023,641933,28.5
2023,656305,28.5
2023,669701,28.5
2023,676724,28.5
2023,673548,28.5
2023,656448,28.5
2023,673490,28.5
2023,669127,28.4
2023,668227,28.4
2023,666134,28.4
2023,683011,28.4
2023,621545,28.4
2023,663550,28.4
2023,641525,28.4
2023,667452,28.4
2023,457705,28.4
2023,668715,28.4
2023,665862,28.4
2023,621020,28.4
2023,623205,28.4
2023,669707,28.4
2023,676391,28.4
2023,691176,28.3
2023,624415,28.3
2023,657136,28.3
2023,686823,28.3
2023,641531,28.3
2023,666703,28.3
2023,641355,28.3
2023,642137,28.3
2023,622534,28.3
2023,669222,28.3
2023,670770,28.3
2023,621035,28.3
2023,541645,28.3
2023,630105,28.3
2023,675961,28.2
2023,644374,28.2
2023,672580,28.2
2023,663624,28.2
2023,668904,28.2
2023,670764,28.2
2023,680779,28.2
2023,669364,28.2
2023,657088,28.2
2023,641943,28.2
2023,607680,28.2
2023,676801,28.2
2023,687401,28.1
2023,682985,28.1
2023,596019,28.1
2023,596117,28.1
2023,595879,28.1
2023,680757,28.1
2023,592885,28.1
2023,666906,28.1
2023,643289,28.1
2023,670097,28.1
2023,662139,28.1
2023,681481,28.1
2023,666915,28.1
2023,663586,28.1
2023,605113,28.1
2023,678662,28.1
2023,621433,28.1
2023,672284,28.0
2023,642731,28.1
2023,669477,28.0
2023,680700,28.0
2023,621028,28.0
2023,669911,28.0
2023,672356,28.0
2023,641584,28.0
2023,655316,28.0
2023,660757,28.0
2023,640458,28.0
2023,607054,28.0
2023,670242,28.0
2023,606992,28.0
2023,660670,28.0
2023,669394,28.0
2023,686676,28.0
2023,665877,28.0
2023,677592,28.0
2023,656775,28.0
2023,645302,28.0
2023,607043,28.0
2023,621493,28.0
2023,592696,28.0
2023,571976,28.0
2023,663611,28.0
2023,689172,27.9
2023,679631,27.9
2023,681297,27.9
2023,622569,27.9
2023,656514,27.9
2023,669397,27.9
2023,678246,27.9
2023,657656,27.9
2023,681351,27.9
2023,665828,27.8
2023,592192,27.8
2023,623912,27.8
2023,663697,27.8
2023,660271,27.8
2023,680814,27.8
2023,665506,27.8
2023,663457,27.8
2023,608070,27.8
2023,543257,27.8
2023,621563,27.8
2023,502054,27.8
2023,682848,27.8
2023,543807,27.8
2023,668804,27.8
2023,664023,27.7
2023,621550,27.7
2023,596103,27.7
2023,677595,27.7
2023,656811,27.7
2023,682641,27.7
2023,640449,27.7
2023,650559,27.7
2023,663757,27.7
2023,664238,27.7
2023,687263,27.7
2023,643396,27.7
2023,681962,27.7
2023,670032,27.7
2023,624414,27.7
2023,606466,27.7
2023,609280,27.7
2023,656669,27.6
2023,672820,27.6
2023,593428,27.6
2023,666185,27.6
2023,670712,27.6
2023,595909,27.6
2023,663796,27.6
2023,672779,27.6
2023,664029,27.6
2023,664728,27.6
2023,594807,27.6
2023,663743,27.6
2023,673237,27.6
2023,687952,27.6
2023,642715,27.6
2023,696100,27.6
2023,593871,27.6
2023,669004,27.6
2023,592325,27.6
2023,645277,27.6
2023,547180,27.6
2023,453568,27.6
2023,665019,27.5
2023,677551,27.5
2023,676480,27.5
2023,660821,27.5
2023,600869,27.5
2023,669720,27.4
2023,671732,27.4
2023,602074,27.4
2023,614173,27.4
2023,542194,27.4
2023,545341,27.4
2023,664770,27.4
2023,666165,27.4
2023,516416,27.4
2023,676914,27.4
2023,596146,27.4
2023,677587,27.4
2023,666310,27.4
2023,664954,27.4
2023,650859,27.4
2023,624503,27.4
2023,643446,27.4
2023,679529,27.4
2023,664040,27.3
2023,572204,27.3
2023,666969,27.3
2023,666801,27.3
2023,675656,27.3
2023,664913,27.3
2023,657077,27.3
2023,686681,27.3
2023,643565,27.3
2023,543305,27.3
2023,643217,27.3
2023,676116,27.3
2023,641343,27.3
2023,683146,27.3
2023,663993,27.3
2023,676369,27.2
2023,656248,27.3
2023,666135,27.2
2023,605141,27.2
2023,665155,27.2
2023,679845,27.2
2023,671277,27.2
2023,628451,27.2
2023,672695,27.2
2023,542364,27.2
2023,641313,27.2
2023,493329,27.2
2023,668670,27.2
2023,592206,27.2
2023,687093,27.2
2023,672515,27.2
2023,605361,27.2
2023,669257,27.2
2023,666164,27.2
2023,668709,27.2
2023,500871,27.1
2023,643376,27.1
2023,682073,27.1
2023,681146,27.1
2023,680977,27.1
2023,656896,27.1
2023,666211,27.1
2023,641856,27.1
2023,663647,27.1
2023,666182,27.1
2023,518792,27.1
2023,516782,27.1
2023,656582,27.1
2023,682617,27.1
2023,667670,27.1
2023,598265,27.1
2023,666023,27.1
2023,666971,27.1
2023,608701,27.1
2023,622110,27.0
2023,668843,27.0
2023,681807,27.0
2023,666397,27.0
2023,668939,27.0
2023,545121,27.0
2023,573262,27.0
2023,663728,27.0
2023,444482,27.0
2023,693049,27.0
2023,592656,27.0
2023,592273,26.9
2023,671218,26.9
2023,663845,26.9
2023,663886,26.9
2023,514888,26.9
2023,683737,26.9
2023,571771,26.9
2023,570731,26.9
2023,571970,26.9
2023,660644,26.9
2023,650907,26.9
2023,665742,26.8
2023,669289,26.9
2023,657557,26.8
2023,596059,26.8
2023,673962,26.8
2023,694384,26.8
2023,677588,26.8
2023,592669,26.8
2023,663616,26.7
2023,641487,26.7
2023,575929,26.7
2023,677800,26.7
2023,668942,26.7
2023,671056,26.7
2023,669224,26.7
2023,602104,26.7
2023,592450,26.7
2023,518692,26.7
2023,543939,26.7
2023,571745,26.7
2023,623993,26.7
2023,686527,26.7
2023,678554,26.7
2023,621043,26.6
2023,572816,26.6
2023,669304,26.6
2023,663656,26.6
2023,664761,26.6
2023,650490,26.6
2023,660707,26.6
2023,624585,26.6
2023,608336,26.6
2023,666197,26.6
2023,624428,26.5
2023,571657,26.5
2023,657757,26.5
2023,650391,26.5
2023,614177,26.5
2023,543281,26.5
2023,543685,26.5
2023,462101,26.5
2023,680777,26.5
2023,663698,26.5
2023,600301,26.5
2023,661388,26.5
2023,605131,26.5
2023,605612,26.5
2023,666198,26.4
2023,660162,26.4
2023,542303,26.4
2023,669357,26.5
2023,665839,26.4
2023,641511,26.4
2023,592178,26.4
2023,666150,26.4
2023,500743,26.4
2023,665489,26.4
2023,676701,26.4
2023,650402,26.4
2023,502671,26.4
2023,572233,26.4
2023,664874,26.4
2023,592626,26.4
2023,605119,26.4
2023,682626,26.4
2023,675986,26.4
2023,553993,26.4
2023,663898,26.3
2023,608324,26.3
2023,668472,26.3
2023,643265,26.3
2023,621466,26.3
2023,642336,26.3
2023,592518,26.3
2023,668901,26.3
2023,670541,26.3
2023,665120,26.2
2023,543592,26.2
2023,669087,26.2
2023,608369,26.2
2023,621566,26.2
2023,643393,26.2
2023,656180,26.2
2023,570482,26.2
2023,672275,26.2
2023,807799,26.2
2023,446334,26.2
2023,664058,26.2
2023,543228,26.2
2023,474832,26.2
2023,650333,26.1
2023,656976,26.2
2023,666018,26.1
2023,543510,26.1
2023,676632,26.1
2023,518595,26.1
2023,660620,26.1
2023,656024,26.1
2023,624424,26.1
2023,670623,26.1
2023,502110,26.1
2023,572138,26.0
2023,608596,26.0
2023,664774,26.0
2023,649966,26.0
2023,660766,26.0
2023,572287,26.0
2023,646240,26.0
2023,665804,26.0
2023,613564,26.0
2023,624413,26.0
2023,649557,26.0
2023,571912,26.0
2023,669221,26.0
2023,683021,26.0
2023,605137,25.9
2023,681584,25.9
2023,467793,25.9
2023,606115,25.9
2023,624512,25.9
2023,543543,25.9
2023,623507,25.9
2023,668800,25.9
2023,641857,25.8
2023,647304,25.8
2023,641680,25.8
2023,686469,25.8
2023,605204,25.8
2023,543063,25.8
2023,666163,25.8
2023,642086,25.8
2023,669134,25.8
2023,641598,25.7
2023,663527,25.7
2023,608348,25.7
2023,623168,25.7
2023,518934,25.7
2023,691016,25.7
2023,676475,25.6
2023,608841,25.6
2023,458015,25.6
2023,543309,25.6
2023,595777,25.6
2023,660634,25.6
2023,547989,25.5
2023,664901,25.6
2023,641645,25.5
2023,683734,25.5
2023,663905,25.5
2023,607461,25.5
2023,641820,25.4
2023,595956,25.4
2023,456781,25.4
2023,645444,25.4
2023,488726,25.4
2023,672478,25.3
2023,572761,25.3
2023,573131,25.2
2023,457759,25.2
2023,593643,25.2
2023,571875,25.1
2023,519058,25.2
2023,660688,25.1
2023,687462,25.1
2023,641432,25.1
2023,686531,25.0
2023,553869,25.0
2023,543333,25.0
2023,594777,25.0
2023,543877,25.0
2023,664034,25.0
2023,605170,25.0
2023,656941,25.0
2023,543068,25.0
2023,596847,24.9
2023,571448,24.9
2023,518626,24.9
2023,671213,24.9
2023,596142,24.9
2023,572228,24.9
2023,621512,24.8
2023,670223,24.8
2023,642851,24.7
2023,443558,24.7
2023,519203,24.7
2023,642136,24.7
2023,663609,24.7
2023,542208,24.6
2023,645801,24.5
2023,595978,24.5
2023,519317,24.4
2023,527038,24.4
2023,624431,24.4
2023,553882,24.4
2023,521692,24.3
2023,595453,24.3
2023,669742,24.0
2023,592200,23.8
2023,672386,23.7
2023,596129,23.6
2023,607732,23.6
2023,608385,23.5
2023,642133,23.5
2023,571466,23.2
2023,455117,23.2
2023,408234,23.1
2023,542583,23.0
2023,518735,22.8
2023,506702,22.7
2024,677951,30.5
2024,679032,30.1
2024,682829,30.0
2024,666149,30.0
2024,682729,30.0
2024,691718,30.0
2024,687363,30.0
2024,622761,29.9
2024,642350,29.9
2024,641658,29.8
2024,665161,29.8
2024,676356,29.8
2024,694671,29.8
2024,664983,29.8
2024,677941,29.7
2024,694497,29.7
2024,696285,29.7
2024,694192,29.7
2024,621439,29.7
2024,680118,29.6
2024,663368,29.6
2024,680776,29.6
2024,607208,29.6
2024,677594,29.6
2024,642201,29.6
2024,682998,29.6
2024,669003,29.5
2024,656537,29.5
2024,682668,29.5
2024,683083,29.5
2024,665923,29.4
2024,702616,29.4
2024,666152,29.4
2024,668930,29.3
2024,686217,29.3
2024,694362,29.3
2024,686668,29.3
2024,681393,29.3
2024,686611,29.3
2024,657041,29.3
2024,678009,29.3
2024,687529,29.2
2024,693304,29.2
2024,677956,29.2
2024,624641,29.2
2024,681460,29.1
2024,686554,29.1
2024,656413,29.1
2024,542932,29.0
2024,681082,29.1
2024,642708,29.0
2024,676059,29.0
2024,640492,29.0
2024,678225,29.0
2024,593160,29.0
2024,621438,28.9
2024,670042,28.9
2024,663853,28.9
2024,694377,28.9
2024,545361,28.9
2024,665877,28.9
2024,677347,28.9
2024,676694,28.9
2024,672642,28.9
2024,665926,28.9
2024,683002,28.9
2024,657088,28.8
2024,665833,28.8
2024,656541,28.8
2024,673357,28.8
2024,694388,28.8
2024,666181,28.8
2024,677649,28.8
2024,663837,28.8
2024,681546,28.8
2024,691026,28.8
2024,678882,28.8
2024,666176,28.8
2024,682622,28.8
2024,595281,28.7
2024,680869,28.7
2024,672640,28.7
2024,642180,28.7
2024,682868,28.7
2024,691594,28.7
2024,695578,28.7
2024,676801,28.7
2024,664314,28.7
2024,687401,28.7
2024,669200,28.7
2024,656305,28.7
2024,678246,28.6
2024,677942,28.6
2024,687597,28.6
2024,666160,28.6
2024,683011,28.6
2024,686894,28.6
2024,663897,28.6
2024,578428,28.6
2024,606192,28.6
2024,666915,28.6
2024,665862,28.6
2024,669208,28.5
2024,668723,28.5
2024,682928,28.5
2024,677008,28.5
2024,701538,28.5
2024,543760,28.5
2024,667472,28.5
2024,624415,28.5
2024,669707,28.5
2024,572191,28.5
2024,665750,28.5
2024,592885,28.5
2024,667452,28.5
2024,608671,28.5
2024,662139,28.5
2024,665506,28.5
2024,666139,28.4
2024,808982,28.4
2024,656716,28.4
2024,657136,28.4
2024,592663,28.4
2024,663538,28.4
2024,676391,28.4
2024,669364,28.4
2024,691023,28.4
2024,607680,28.4
2024,663662,28.4
2024,665487,28.4
2024,641355,28.4
2024,672569,28.3
2024,701305,28.3
2024,669261,28.3
2024,641584,28.3
2024,672279,28.3
2024,660844,28.3
2024,673548,28.3
2024,673490,28.3
2024,686452,28.3
2024,682177,28.3
2024,656775,28.3
2024,671739,28.3
2024,668885,28.3
2024,681624,28.3
2024,676609,28.3
2024,681297,28.2
2024,608070,28.2
2024,669016,28.2
2024,664056,28.2
2024,671289,28.2
2024,672761,28.2
2024,596103,28.2
2024,669065,28.2
2024,686823,28.2
2024,687263,28.2
2024,668715,28.2
2024,700242,28.1
2024,676070,28.1
2024,642215,28.1
2024,666134,28.1
2024,669369,28.1
2024,543807,28.1
2024,594807,28.1
2024,668731,28.1
2024,677588,28.1
2024,678662,28.1
2024,668227,28.1
2024,681351,28.1
2024,621035,28.1
2024,596115,28.1
2024,668845,28.1
2024,623912,28.0
2024,660271,28.1
2024,678877,28.1
2024,621545,28.0
2024,642731,28.0
2024,541645,28.0
2024,670156,28.0
2024,607043,28.0
2024,669743,28.0
2024,663697,28.0
2024,669477,28.0
2024,664238,28.0
2024,696100,28.0
2024,680718,28.0
2024,677870,28.0
2024,596117,28.0
2024,675961,28.0
2024,668804,28.0
2024,641943,28.0
2024,657061,28.0
2024,664023,27.9
2024,650489,27.9
2024,647351,27.9
2024,672580,27.9
2024,663586,27.9
2024,669242,27.9
2024,672284,27.9
2024,669394,27.9
2024,664728,27.9
2024,663550,27.9
2024,671218,27.9
2024,606992,27.9
2024,695336,27.9
2024,680700,27.9
2024,669004,27.8
2024,680474,27.8
2024,657656,27.8
2024,691176,27.8
2024,656811,27.8
2024,682641,27.8
2024,621020,27.8
2024,592192,27.8
2024,645302,27.8
2024,677950,27.8
2024,621550,27.8
2024,670764,27.8
2024,669699,27.8
2024,676113,27.8
2024,689172,27.8
2024,658668,27.8
2024,669127,27.8
2024,643396,27.8
2024,690993,27.7
2024,665019,27.7
2024,680779,27.7
2024,669137,27.7
2024,679845,27.7
2024,660670,27.7
2024,543257,27.7
2024,595909,27.7
2024,605113,27.7
2024,681481,27.7
2024,630105,27.7
2024,686765,27.7
2024,666158,27.7
2024,682985,27.7
2024,624503,27.7
2024,669397,27.6
2024,691723,27.6
2024,669701,27.6
2024,628451,27.6
2024,671732,27.6
2024,596019,27.6
2024,682657,27.6
2024,605346,27.6
2024,663624,27.6
2024,666703,27.6
2024,668709,27.6
2024,649557,27.6
2024,655316,27.6
2024,663330,27.6
2024,686676,27.6
2024,682073,27.6
2024,621563,27.6
2024,667670,27.6
2024,641933,27.5
2024,595879,27.5
2024,677800,27.5
2024,670242,27.5
2024,545341,27.5
2024,593871,27.5
2024,687231,27.5
2024,665052,27.5
2024,693307,27.5
2024,676369,27.5
2024,660644,27.5
2024,663611,27.5
2024,542194,27.5
2024,682617,27.5
2024,622534,27.5
2024,607054,27.5
2024,621028,27.5
2024,650559,27.5
2024,702358,27.5
2024,670276,27.5
2024,668952,27.5
2024,700250,27.5
2024,592206,27.4
2024,665828,27.4
2024,593428,27.4
2024,687093,27.4
2024,694376,27.4
2024,547180,27.4
2024,669911,27.4
2024,605361,27.4
2024,687952,27.4
2024,600869,27.4
2024,642715,27.4
2024,453568,27.4
2024,669257,27.4
2024,672356,27.4
2024,664913,27.4
2024,666624,27.3
2024,669222,27.3
2024,666185,27.3
2024,666182,27.3
2024,683737,27.3
2024,672820,27.3
2024,622569,27.3
2024,673962,27.3
2024,643289,27.3
2024,608701,27.3
2024,592696,27.3
2024,669289,27.3
2024,680716,27.3
2024,679529,27.2
2024,671056,27.3
2024,502054,27.2
2024,695391,27.2
2024,673995,27.2
2024,645277,27.2
2024,641343,27.2
2024,676914,27.2
2024,665489,27.2
2024,660821,27.2
2024,664040,27.2
2024,643565,27.2
2024,672515,27.2
2024,805779,27.2
2024,671277,27.2
2024,573262,27.2
2024,514888,27.1
2024,673237,27.1
2024,606466,27.1
2024,621311,27.1
2024,641313,27.1
2024,676632,27.1
2024,575929,27.1
2024,516782,27.1
2024,680757,27.1
2024,676572,27.1
2024,670032,27.1
2024,665782,27.1
2024,668670,27.1
2024,656248,27.1
2024,686527,27.1
2024,669720,27.1
2024,571771,27.0
2024,663698,27.0
2024,676116,27.0
2024,668942,27.0
2024,680977,27.0
2024,543305,27.0
2024,691016,27.0
2024,672695,27.0
2024,621466,27.0
2024,663457,27.0
2024,664770,27.0
2024,592348,26.9
2024,678554,26.9
2024,623520,26.9
2024,674441,26.9
2024,666464,26.9
2024,681146,26.9
2024,683146,26.9
2024,571970,26.9
2024,444482,26.9
2024,650859,26.9
2024,691011,26.9
2024,656582,26.9
2024,592325,26.9
2024,663757,26.9
2024,602104,26.9
2024,624585,26.9
2024,666969,26.8
2024,592450,26.8
2024,518792,26.8
2024,665742,26.8
2024,671286,26.8
2024,457705,26.8
2024,666135,26.8
2024,543685,26.8
2024,677587,26.8
2024,670097,26.8
2024,596146,26.8
2024,660162,26.8
2024,621043,26.8
2024,642197,26.8
2024,686681,26.8
2024,641487,26.8
2024,657557,26.8
2024,656577,26.8
2024,621493,26.8
2024,643265,26.8
2024,656896,26.7
2024,545121,26.7
2024,592669,26.7
2024,672012,26.7
2024,663743,26.7
2024,608324,26.7
2024,605141,26.7
2024,657077,26.7
2024,613564,26.7
2024,624428,26.7
2024,669224,26.7
2024,660766,26.7
2024,643217,26.7
2024,666397,26.7
2024,650333,26.7
2024,665120,26.7
2024,666165,26.6
2024,693049,26.6
2024,657757,26.7
2024,620443,26.6
2024,609280,26.6
2024,669234,26.6
2024,650402,26.6
2024,666310,26.6
2024,666971,26.6
2024,668904,26.6
2024,666023,26.6
2024,668939,26.6
2024,663728,26.6
2024,643376,26.6
2024,663886,26.5
2024,493329,26.5
2024,682988,26.5
2024,553993,26.5
2024,656180,26.5
2024,608336,26.5
2024,595777,26.5
2024,670770,26.5
2024,664901,26.5
2024,646240,26.5
2024,661388,26.4
2024,695238,26.4
2024,691406,26.4
2024,663647,26.4
2024,666150,26.4
2024,656976,26.4
2024,694384,26.4
2024,663527,26.4
2024,663993,26.4
2024,683734,26.3
2024,624424,26.3
2024,502671,26.3
2024,680777,26.3
2024,643446,26.3
2024,676701,26.3
2024,664761,26.3
2024,543228,26.3
2024,668901,26.3
2024,663905,26.3
2024,663616,26.3
2024,571745,26.2
2024,681807,26.2
2024,669357,26.2
2024,572233,26.2
2024,660707,26.2
2024,681584,26.2
2024,665839,26.2
2024,691182,26.2
2024,518934,26.1
2024,665561,26.1
2024,807799,26.1
2024,624413,26.1
2024,608385,26.1
2024,670541,26.1
2024,661531,26.1
2024,608596,26.1
2024,694359,26.0
2024,663656,26.0
2024,664874,26.0
2024,623993,26.0
2024,592273,26.0
2024,690291,26.0
2024,649966,26.0
2024,663898,26.0
2024,641598,26.0
2024,467793,25.9
2024,686780,25.9
2024,641857,25.9
2024,571657,25.9
2024,700932,25.9
2024,670623,25.9
2024,669304,25.9
2024,572138,25.9
2024,592518,25.8
2024,656941,25.8
2024,502110,25.8
2024,605131,25.8
2024,500743,25.8
2024,665953,25.8
2024,518692,25.8
2024,682626,25.8
2024,593934,25.8
2024,666018,25.8
2024,592178,25.7
2024,542303,25.7
2024,518595,25.7
2024,606115,25.6
2024,605204,25.6
2024,686797,25.6
2024,666163,25.6
2024,686469,25.6
2024,683021,25.6
2024,608348,25.6
2024,642086,25.6
2024,592626,25.5
2024,608841,25.5
2024,624512,25.5
2024,680728,25.5
2024,642020,25.5
2024,686482,25.5
2024,621566,25.5
2024,665804,25.5
2024,676475,25.5
2024,571912,25.5
2024,456781,25.5
2024,650490,25.4
2024,605137,25.4
2024,543309,25.4
2024,457759,25.4
2024,571448,25.3
2024,608369,25.3
2024,656555,25.3
2024,668832,25.3
2024,547989,25.3
2024,595978,25.3
2024,641680,25.3
2024,669221,25.2
2024,672275,25.2
2024,687462,25.2
2024,668853,25.2
2024,650391,25.2
2024,664774,25.2
2024,647304,25.2
2024,543510,25.1
2024,543063,25.1
2024,664034,25.1
2024,570482,25.1
2024,669134,25.0
2024,645444,25.0
2024,668800,25.0
2024,645305,25.0
2024,660688,25.0
2024,642136,24.9
2024,663609,24.9
2024,596142,24.8
2024,543877,24.8
2024,621512,24.7
2024,672386,24.7
2024,641645,24.7
2024,572761,24.6
2024,519317,24.6
2024,521692,24.5
2024,519203,24.5
2024,624431,24.5
2024,640902,24.5
2024,592200,24.4
2024,553869,24.4
2024,605170,24.4
2024,571466,24.4
2024,641432,24.3
2024,644433,24.2
2024,642133,24.2
2024,671213,24.1
2024,527038,24.0
2024,607732,23.9
2024,596129,23.9
2024,518735,23.2
2024,553882,23.1
2024,455117,23.1
2024,645801,22.8
2025,607208,30.3
2025,687363,30.2
2025,677951,30.2
2025,621439,30.2
2025,656537,30.1
2025,679032,30.1
2025,663604,30.1
2025,642201,29.9
2025,664983,29.9
2025,669326,29.9
2025,682998,29.8
2025,683083,29.8
2025,677956,29.8
2025,681987,29.7
2025,691783,29.7
2025,694362,29.7
2025,682668,29.6
2025,802415,29.6
2025,666149,29.6
2025,665161,29.6
2025,672016,29.5
2025,691718,29.5
2025,686668,29.5
2025,676356,29.5
2025,680737,29.4
2025,624641,29.4
2025,805249,29.4
2025,682729,29.4
2025,664702,29.4
2025,683090,29.4
2025,701358,29.3
2025,608671,29.3
2025,666152,29.3
2025,622761,29.3
2025,696285,29.3
2025,657041,29.3
2025,666181,29.3
2025,669288,29.2
2025,621438,29.3
2025,677594,29.2
2025,680574,29.2
2025,672724,29.2
2025,690022,29.2
2025,694192,29.2
2025,665833,29.2
2025,678894,29.2
2025,695734,29.1
2025,687957,29.1
2025,678882,29.1
2025,683766,29.1
2025,663368,29.1
2025,680776,29.1
2025,672569,29.1
2025,663968,29.1
2025,690924,29.1
2025,682829,29.1
2025,694497,29.0
2025,678009,29.0
2025,807713,29.0
2025,673357,29.0
2025,677347,29.0
2025,689200,29.0
2025,676059,29.0
2025,686611,29.0
2025,682622,29.0
2025,669200,29.0
2025,669003,29.0
2025,687637,28.9
2025,664059,28.9
2025,656541,28.9
2025,668930,28.9
2025,694671,28.9
2025,686475,28.9
2025,670231,28.9
2025,693304,28.9
2025,678489,28.9
2025,686217,28.9
2025,641658,28.9
2025,691185,28.8
2025,677649,28.8
2025,656413,28.8
2025,677942,28.8
2025,681393,28.8
2025,681082,28.8
2025,665750,28.8
2025,682927,28.8
2025,664056,28.8
2025,669707,28.8
2025,807712,28.7
2025,687401,28.7
2025,808975,28.7
2025,670042,28.7
2025,671083,28.7
2025,681715,28.7
2025,691176,28.7
2025,701675,28.7
2025,685301,28.7
2025,687597,28.7
2025,691023,28.7
2025,805904,28.7
2025,676391,28.6
2025,665487,28.6
2025,687515,28.6
2025,681460,28.6
2025,596115,28.6
2025,663538,28.6
2025,702616,28.6
2025,672640,28.5
2025,669127,28.6
2025,680577,28.5
2025,681546,28.5
2025,694388,28.5
2025,666160,28.5
2025,543760,28.5
2025,671289,28.5
2025,696030,28.5
2025,669369,28.5
2025,701538,28.5
2025,621020,28.5
2025,670156,28.5
2025,671739,28.5
2025,683002,28.5
2025,680837,28.4
2025,695681,28.4
2025,700242,28.4
2025,682653,28.4
2025,663897,28.4
2025,695336,28.4
2025,669208,28.4
2025,608070,28.4
2025,656775,28.4
2025,641584,28.4
2025,669242,28.4
2025,662139,28.4
2025,691026,28.4
2025,667472,28.4
2025,679845,28.4
2025,607680,28.4
2025,686894,28.4
2025,683011,28.3
2025,670224,28.3
2025,592663,28.4
2025,673548,28.4
2025,677950,28.3
2025,663853,28.3
2025,677592,28.3
2025,669364,28.3
2025,656716,28.3
2025,606992,28.3
2025,680779,28.3
2025,668885,28.3
2025,542932,28.3
2025,669450,28.3
2025,641933,28.3
2025,681962,28.3
2025,669016,28.3
2025,676609,28.3
2025,680474,28.3
2025,687231,28.2
2025,595751,28.2
2025,663586,28.2
2025,664068,28.3
2025,694374,28.2
2025,691728,28.2
2025,641355,28.2
2025,650489,28.2
2025,670764,28.2
2025,666211,28.2
2025,676694,28.2
2025,691777,28.2
2025,592885,28.2
2025,682928,28.2
2025,663697,28.2
2025,690987,28.2
2025,808982,28.2
2025,702332,28.1
2025,642215,28.1
2025,701305,28.1
2025,606192,28.1
2025,810938,28.1
2025,656305,28.1
2025,694377,28.1
2025,630105,28.1
2025,687263,28.1
2025,642180,28.1
2025,681624,28.1
2025,624415,28.1
2025,645302,28.1
2025,805300,28.1
2025,668804,28.1
2025,672744,28.1
2025,663330,28.1
2025,660757,28.1
2025,666139,28.1
2025,596103,28.0
2025,680869,28.0
2025,691594,28.0
2025,694376,28.0
2025,660271,28.0
2025,543807,28.0
2025,690993,28.0
2025,668715,28.0
2025,666624,28.0
2025,642715,28.0
2025,643289,28.0
2025,686765,28.0
2025,657136,28.0
2025,665926,28.0
2025,665019,27.9
2025,666158,27.9
2025,660670,27.9
2025,669261,27.9
2025,691723,27.9
2025,669394,27.9
2025,700246,27.9
2025,676679,27.9
2025,682177,27.9
2025,666176,27.9
2025,683770,27.9
2025,672580,27.9
2025,647351,27.9
2025,545361,27.9
2025,702176,27.8
2025,641313,27.9
2025,669743,27.8
2025,695578,27.8
2025,691781,27.8
2025,672761,27.8
2025,621035,27.8
2025,664728,27.8
2025,592192,27.8
2025,686554,27.8
2025,671284,27.8
2025,650559,27.8
2025,578428,27.8
2025,657656,27.8
2025,572191,27.8
2025,701350,27.8
2025,660844,27.8
2025,642731,27.8
2025,687221,27.7
2025,702284,27.8
2025,676724,27.8
2025,686555,27.7
2025,668227,27.7
2025,695391,27.7
2025,677588,27.7
2025,677008,27.7
2025,663837,27.7
2025,664913,27.7
2025,664238,27.7
2025,655316,27.7
2025,682657,27.7
2025,592206,27.7
2025,687551,27.7
2025,663662,27.7
2025,680718,27.7
2025,666185,27.6
2025,678662,27.6
2025,665862,27.6
2025,663624,27.6
2025,665052,27.6
2025,692216,27.6
2025,669477,27.6
2025,593428,27.6
2025,676914,27.6
2025,676070,27.6
2025,656577,27.6
2025,669720,27.6
2025,686676,27.6
2025,677800,27.6
2025,671221,27.6
2025,666134,27.6
2025,656811,27.6
2025,666310,27.6
2025,673490,27.6
2025,693307,27.6
2025,669236,27.6
2025,700250,27.5
2025,695600,27.5
2025,628451,27.5
2025,691720,27.5
2025,683227,27.5
2025,687952,27.5
2025,689172,27.5
2025,680862,27.5
2025,678246,27.5
2025,642708,27.5
2025,667670,27.5
2025,671218,27.5
2025,691785,27.5
2025,595879,27.5
2025,669701,27.5
2025,666397,27.5
2025,691019,27.5
2025,575929,27.5
2025,691016,27.4
2025,681297,27.4
2025,682641,27.4
2025,669397,27.4
2025,670097,27.4
2025,596019,27.4
2025,664023,27.4
2025,605361,27.4
2025,694203,27.4
2025,666165,27.4
2025,545121,27.4
2025,643396,27.4
2025,686452,27.4
2025,669257,27.3
2025,681351,27.3
2025,695657,27.3
2025,664770,27.3
2025,607043,27.3
2025,670032,27.3
2025,673237,27.3
2025,680757,27.3
2025,621493,27.3
2025,502054,27.2
2025,669722,27.2
2025,696100,27.2
2025,672695,27.2
2025,692225,27.2
2025,669004,27.2
2025,645277,27.2
2025,663647,27.2
2025,518792,27.2
2025,668974,27.1
2025,669065,27.1
2025,656484,27.1
2025,668709,27.1
2025,701762,27.1
2025,669289,27.1
2025,682848,27.1
2025,665877,27.1
2025,678877,27.1
2025,592450,27.1
2025,593871,27.1
2025,641343,27.1
2025,666971,27.1
2025,457705,27.1
2025,545341,27.1
2025,681481,27.1
2025,666023,27.0
2025,602104,27.0
2025,547180,27.0
2025,805367,27.0
2025,571970,27.0
2025,672356,27.0
2025,666969,27.0
2025,682988,27.0
2025,660821,27.0
2025,805779,27.0
2025,671286,27.0
2025,672515,27.0
2025,677587,27.0
2025,663457,27.0
2025,596146,27.0
2025,683146,27.0
2025,650859,27.0
2025,656582,27.0
2025,657757,27.0
2025,592669,27.0
2025,621028,27.0
2025,669911,27.0
2025,660644,27.0
2025,571771,26.9
2025,622569,26.9
2025,683748,26.9
2025,695238,26.9
2025,676572,26.9
2025,609280,26.9
2025,514888,26.9
2025,605141,26.9
2025,671732,26.9
2025,664040,26.9
2025,665489,26.9
2025,678554,26.9
2025,573262,26.9
2025,677870,26.9
2025,656248,26.8
2025,641856,26.8
2025,663886,26.8
2025,668904,26.8
2025,681146,26.8
2025,681508,26.8
2025,695506,26.8
2025,641943,26.8
2025,670242,26.8
2025,668670,26.8
2025,493329,26.8
2025,663743,26.8
2025,670770,26.7
2025,805373,26.8
2025,600869,26.7
2025,678011,26.7
2025,663757,26.7
2025,679529,26.7
2025,668939,26.7
2025,682663,26.7
2025,641487,26.7
2025,608701,26.7
2025,680700,26.7
2025,682985,26.7
2025,672820,26.7
2025,691406,26.7
2025,669234,26.7
2025,643217,26.7
2025,641857,26.7
2025,663698,26.6
2025,681807,26.6
2025,670092,26.6
2025,606466,26.6
2025,624428,26.6
2025,673962,26.6
2025,666126,26.6
2025,665828,26.6
2025,620443,26.6
2025,663584,26.6
2025,688363,26.6
2025,516782,26.6
2025,656180,26.6
2025,680977,26.6
2025,691182,26.5
2025,687859,26.5
2025,664761,26.5
2025,686527,26.5
2025,621043,26.5
2025,663656,26.5
2025,643446,26.5
2025,683737,26.5
2025,650333,26.5
2025,671277,26.5
2025,657557,26.5
2025,807799,26.4
2025,543510,26.4
2025,669224,26.4
2025,553993,26.4
2025,676801,26.4
2025,663898,26.4
2025,623168,26.3
2025,595777,26.3
2025,518595,26.3
2025,678391,26.3
2025,665561,26.3
2025,656976,26.3
2025,671056,26.3
2025,681584,26.2
2025,690976,26.2
2025,676701,26.2
2025,571657,26.2
2025,660162,26.2
2025,689414,26.2
2025,676439,26.2
2025,650402,26.2
2025,663993,26.2
2025,572233,26.2
2025,670541,26.2
2025,668942,26.2
2025,688760,26.2
2025,661388,26.2
2025,666182,26.1
2025,665839,26.1
2025,643376,26.1
2025,502671,26.1
2025,650490,26.1
2025,666464,26.1
2025,686948,26.1
2025,663616,26.1
2025,686797,26.1
2025,672284,26.1
2025,657077,26.1
2025,668901,26.0
2025,671655,26.0
2025,663728,26.0
2025,624585,26.0
2025,694384,26.0
2025,624424,26.0
2025,649966,26.0
2025,676044,26.0
2025,608324,26.0
2025,686681,26.0
2025,664774,26.0
2025,608348,26.0
2025,683734,26.0
2025,623993,26.0
2025,694208,26.0
2025,641598,26.0
2025,624512,25.9
2025,668800,25.9
2025,682626,26.0
2025,665804,25.9
2025,500743,25.9
2025,669357,25.9
2025,680728,25.9
2025,676116,25.9
2025,666018,25.9
2025,656941,25.9
2025,680777,25.9
2025,656896,25.9
2025,666163,25.8
2025,701398,25.8
2025,641555,25.8
2025,543592,25.8
2025,677595,25.8
2025,592518,25.8
2025,665742,25.8
2025,608385,25.8
2025,592178,25.7
2025,672275,25.7
2025,642086,25.7
2025,694212,25.7
2025,467793,25.6
2025,670623,25.6
2025,686780,25.6
2025,518934,25.6
2025,669717,25.6
2025,518692,25.6
2025,605131,25.6
2025,665966,25.6
2025,676475,25.5
2025,690291,25.5
2025,606115,25.5
2025,666150,25.5
2025,686469,25.5
2025,571448,25.5
2025,692585,25.5
2025,687462,25.5
2025,700932,25.4
2025,665155,25.3
2025,542303,25.3
2025,608369,25.3
2025,624413,25.3
2025,457759,25.3
2025,641680,25.2
2025,621566,25.2
2025,642136,25.2
2025,670223,25.2
2025,605137,25.2
2025,592626,25.2
2025,663609,25.1
2025,543309,25.1
2025,683021,25.1
2025,664034,25.1
2025,621512,25.1
2025,456781,25.0
2025,669134,25.0
2025,553869,25.0
2025,640902,25.0
2025,646240,25.0
2025,595978,25.0
2025,700337,24.9
2025,805811,24.9
2025,665953,24.9
2025,643565,24.9
2025,665861,24.8
2025,645444,24.8
2025,669221,24.8
2025,650968,24.8
2025,656555,24.8
2025,543877,24.7
2025,596142,24.6
2025,660688,24.5
2025,527038,24.5
2025,647304,24.4
2025,671213,24.4
2025,521692,24.4
2025,642851,24.4
2025,624431,24.3
2025,605170,24.3
2025,672386,24.3
2025,570482,24.2
2025,571912,23.9
2025,669304,23.8
2025,607732,23.6
2025,642133,23.5
2025,519317,23.5
2025,669087,23.4
2025,455117,23.1
