team_side,inning,half,batting_score_diff,outs,use_now_team_we,wait_team_we,use_minus_wait,decision
away,1,top,-10,0,0.01669579917232522,0.019280279379351062,-0.002584480207025841,KEEP
away,1,top,-10,1,0.0121947012193655,0.014590145294751444,-0.002395444075385944,KEEP
away,1,top,-10,2,0.00931602955255062,0.01135005686451096,-0.0020340273119603403,KEEP
away,1,top,-9,0,0.02669899933394171,0.030484314295995407,-0.0037853149620536986,KEEP
away,1,top,-9,1,0.0199922518368858,0.023625266536725475,-0.003633014699839676,KEEP
away,1,top,-9,2,0.015629147803505328,0.01880086671380221,-0.0031717189102968835,KEEP
away,1,top,-8,0,0.0416348353876792,0.04700502391335182,-0.0053701885256726145,KEEP
away,1,top,-8,1,0.031894047965879024,0.037248929002476006,-0.005354881036596981,KEEP
away,1,top,-8,2,0.02544050379680196,0.030255257801590663,-0.004814754004788702,KEEP
away,1,top,-7,0,0.06337568890453305,0.07073882741916226,-0.007363138514629219,KEEP
away,1,top,-7,1,0.049651346377348804,0.05730302501987283,-0.007651678642524029,KEEP
away,1,top,-7,2,0.040385181619681965,0.0474809484757176,-0.007095766856035635,KEEP
away,1,top,-6,0,0.09407853826489143,0.10380206534461134,-0.009723527079719907,KEEP
away,1,top,-6,1,0.07540066672795931,0.08596433157193129,-0.010563664843971976,KEEP
away,1,top,-6,2,0.06254423769623485,0.07266113677429054,-0.010116899078055686,KEEP
away,1,top,-5,0,0.13596213182945738,0.14827580574159271,-0.012313673912135337,KEEP
away,1,top,-5,1,0.11152252461301204,0.12555385933252972,-0.014031334719517674,KEEP
away,1,top,-5,2,0.09436810473772017,0.10826290707498609,-0.013894802337265921,KEEP
away,1,top,-4,0,0.19089759113543947,0.20577513259518232,-0.014877541459742849,KEEP
away,1,top,-4,1,0.1603143565869688,0.1781546695550562,-0.017840312968087413,KEEP
away,1,top,-4,2,0.13842357187055543,0.15670989547908887,-0.01828632360853344,KEEP
away,1,top,-3,0,0.2598073029832324,0.27685829863308453,-0.01705099564985213,KEEP
away,1,top,-3,1,0.22343312276155025,0.24501508630071744,-0.021581963539167193,KEEP
away,1,top,-3,2,0.19689212138280276,0.21980410275387818,-0.02291198137107542,KEEP
away,1,top,-2,0,0.3419568895055831,0.3603814612899965,-0.01842457178441337,KEEP
away,1,top,-2,1,0.30113411731516093,0.3257972367983415,-0.024663119483180562,KEEP
away,1,top,-2,2,0.27079798919490683,0.2979113802074299,-0.02711339101252308,KEEP
away,1,top,-1,0,0.4343499077027986,0.4530323679562065,-0.018682460253407918,KEEP
away,1,top,-1,1,0.39144693317638923,0.41787811912641326,-0.026431185950024028,KEEP
away,1,top,-1,2,0.35904361875091184,0.38907645764261245,-0.03003283889170061,KEEP
away,1,top,0,0,0.5316476096645136,0.5493636396346928,-0.01771602997017918,KEEP
away,1,top,0,1,0.48975553216985723,0.5160550976834506,-0.02629956551359336,KEEP
away,1,top,0,2,0.45770351768592743,0.4884133247549306,-0.03070980706900317,KEEP
away,1,top,1,0,0.6268272484338999,0.642561453975863,-0.01573420554196303,KEEP
away,1,top,1,1,0.588767252017378,0.6130330250058765,-0.024265772988498524,KEEP
away,1,top,1,2,0.5593602572469413,0.5882830272955086,-0.02892277004856736,KEEP
away,1,top,2,0,0.7134265765768965,0.7266213398528758,-0.013194763275979349,KEEP
away,1,top,2,1,0.6809334892085648,0.7019189356750434,-0.020985446466478597,KEEP
away,1,top,2,2,0.6556357541362243,0.6810501193581067,-0.02541436522188234,KEEP
away,1,top,3,0,0.7874475303838967,0.7979670151978581,-0.010519484813961366,KEEP
away,1,top,3,1,0.7611706775265809,0.7783256094651118,-0.017154931938530904,KEEP
away,1,top,3,2,0.7405891717727788,0.7616271169696625,-0.021037945196883623,KEEP
away,1,top,4,0,0.8473664353561656,0.8553886760908141,-0.008022240734648522,KEEP
away,1,top,4,1,0.827095486750221,0.8404503683029759,-0.013354881552754883,KEEP
away,1,top,4,2,0.811141416153258,0.8276851193409903,-0.01654370318773235,KEEP
away,1,top,5,0,0.893627948805028,0.899511612494417,-0.005883663689388974,KEEP
away,1,top,5,1,0.8786207401340682,0.8885838403172296,-0.009963100183161377,KEEP
away,1,top,5,2,0.8667636358927822,0.8792072065634822,-0.01244357067070001,KEEP
away,1,top,6,0,0.9279001148119403,0.9320706469519002,-0.004170532139959882,KEEP
away,1,top,6,1,0.9171812970679495,0.9243424694497943,-0.0071611723818447715,KEEP
away,1,top,6,2,0.9086869124589074,0.9176904624304657,-0.009003549971558278,KEEP
away,1,top,7,0,0.9523923462345941,0.9552640029567445,-0.0028716567221503952,KEEP
away,1,top,7,1,0.9449679522027674,0.9499515714973934,-0.004983619294625985,KEEP
away,1,top,7,2,0.9390725200775675,0.9453701649256452,-0.00629764484807771,KEEP
away,1,top,8,0,0.9693635832985581,0.9712968247956723,-0.0019332414971141576,KEEP
away,1,top,8,1,0.9643449130949503,0.9677210615040128,-0.0033761484090625293,KEEP
away,1,top,8,2,0.9603577743632242,0.9646367533144644,-0.004278978951240187,KEEP
away,1,top,9,0,0.9808373329071669,0.9821222590284603,-0.0012849261212933838,KEEP
away,1,top,9,1,0.9774930780689383,0.9797370046784244,-0.0022439266094861354,KEEP
away,1,top,9,2,0.9748403177507704,0.9776824515569355,-0.002842133806165048,KEEP
away,1,top,10,0,0.9884796911971643,0.9893345216139015,-8.548304167371734e-4,KEEP
away,1,top,10,1,0.9862427433658356,0.9877281654141927,-0.0014854220483571101,KEEP
away,1,top,10,2,0.9844708877443077,0.9863412653999437,-0.001870377655636024,KEEP
away,2,top,-10,0,0.01381131174879513,0.015291590645426067,-0.0014802788966309377,KEEP
away,2,top,-10,1,0.00989530736260047,0.011243738253204127,-0.001348430890603658,KEEP
away,2,top,-10,2,0.007319238272495587,0.00850412451879956,-0.0011848862463039733,KEEP
away,2,top,-9,0,0.022635933356736748,0.02485618329927408,-0.0022202499425373334,KEEP
away,2,top,-9,1,0.01663070986055004,0.018743841664539573,-0.002113131803989532,KEEP
away,2,top,-9,2,0.012602437171975844,0.014522905687926357,-0.001920468515950513,KEEP
away,2,top,-8,0,0.03620569089672343,0.03942123710769818,-0.0032155462109747512,KEEP
away,2,top,-8,1,0.02724036790326867,0.030452549881918478,-0.0032121819786498085,KEEP
away,2,top,-8,2,0.021100628269516752,0.02412655808543651,-0.003025929815919759,KEEP
away,2,top,-7,0,0.0565228756764905,0.06101024773900898,-0.00448737206251848,KEEP
away,2,top,-7,1,0.043552050126708486,0.048280446120170906,-0.00472839599346242,KEEP
away,2,top,-7,2,0.0344762373914721,0.03910269903727648,-0.004626461645804381,KEEP
away,2,top,-6,0,0.08600519555104502,0.09201477671685854,-0.006009581165813516,KEEP
away,2,top,-6,1,0.06790076366428455,0.07461816410770483,-0.006717400443420285,KEEP
away,2,top,-6,2,0.0549497834863647,0.06179077662280452,-0.006840993136439821,KEEP
away,2,top,-5,0,0.12728141424695116,0.13496269017946338,-0.0076812759325122215,KEEP
away,2,top,-5,1,0.10302582472306998,0.11219386684690402,-0.009168042123834041,KEEP
away,2,top,-5,2,0.08527823330773843,0.0950169132355222,-0.009738679927783767,KEEP
away,2,top,-4,0,0.18275042612780568,0.1920577891901668,-0.00930736306236113,KEEP
away,2,top,-4,1,0.1517474977657547,0.1636992209078425,-0.011951723142087811,KEEP
away,2,top,-4,2,0.12853802750195253,0.14180767117988813,-0.013269643677935594,KEEP
away,2,top,-3,0,0.2538607188694033,0.2644675007459516,-0.010606781876548288,KEEP
away,2,top,-3,1,0.216334870699034,0.2311109353994385,-0.01477606470040449,KEEP
away,2,top,-3,2,0.18759455199257147,0.20477225257354326,-0.01717770058097179,KEEP
away,2,top,-2,0,0.3401720151568961,0.3514418493414997,-0.011269834184603589,KEEP
away,2,top,-2,1,0.29754726093526274,0.3147167318347558,-0.017169470899493056,KEEP
away,2,top,-2,2,0.2641758959605416,0.28509455314083254,-0.020918657180290956,KEEP
away,2,top,-1,0,0.438431420039757,0.44954189366236175,-0.011110473622604755,KEEP
away,2,top,-1,1,0.39346084807843074,0.4120561938959846,-0.018595345817553843,KEEP
away,2,top,-1,2,0.35755469562257725,0.3812603564117858,-0.02370566078920855,KEEP
away,2,top,0,0,0.5422453168150055,0.5524200682272995,-0.010174751412293959,KEEP
away,2,top,0,1,0.4987338374636263,0.5172029930952706,-0.018469155631644307,KEEP
away,2,top,0,2,0.4634645193796483,0.4878616592979701,-0.02439713991832182,KEEP
away,2,top,1,0,0.6427699374963138,0.6514560644337355,-0.008686126937421657,KEEP
away,2,top,1,1,0.6040596025170422,0.6208210898166473,-0.016761487299605138,KEEP
away,2,top,1,2,0.5723423383076787,0.5950329477166447,-0.022690609408966056,KEEP
away,2,top,2,0,0.7322457285730628,0.7392371622910343,-0.006991433717971507,KEEP
away,2,top,2,1,0.7000645136829425,0.7142270324334095,-0.014162518750466924,KEEP
away,2,top,2,2,0.6734808955706264,0.6930061942531671,-0.019525298682540715,KEEP
away,2,top,3,0,0.8066522790710482,0.8119999381282974,-0.00534765905724921,KEEP
away,2,top,3,1,0.7813959437408413,0.7926603227562478,-0.011264379015406445,KEEP
away,2,top,3,2,0.7604001176959894,0.7761482360868517,-0.01574811839086232,KEEP
away,2,top,4,0,0.8650587767863931,0.8689721530796984,-0.003913376293305348,KEEP
away,2,top,4,1,0.8461872829095649,0.8546981785914596,-0.00851089568189467,KEEP
away,2,top,4,2,0.830420187838859,0.8424501990331558,-0.012030011194296808,KEEP
away,2,top,5,0,0.908705141891172,0.9114606145956508,-0.002755472704478734,KEEP
away,2,top,5,1,0.8951882367809297,0.9013413419383848,-0.006153105157455041,KEEP
away,2,top,5,2,0.8838493565133339,0.8926236175437133,-0.008774261030379482,KEEP
away,2,top,6,0,0.9399693114295521,0.9418455419958365,-0.001876230566284387,KEEP
away,2,top,6,1,0.9306349945622564,0.9349169192717522,-0.0042819247094958435,KEEP
away,2,top,6,2,0.9227800568738699,0.9289295919655416,-0.0061495350916717095,KEEP
away,2,top,7,0,0.9615595012170275,0.962801257642193,-0.0012417564251655522,KEEP
away,2,top,7,1,0.9553113260778017,0.958194266331076,-0.002882940253274291,KEEP
away,2,top,7,2,0.9500420094656264,0.9542053951531422,-0.0041633856875157305,KEEP
away,2,top,8,0,0.9760103785565537,0.976814416234859,-8.040376783052805e-4,KEEP
away,2,top,8,1,0.9719307528628857,0.9738185040066503,-0.0018877511437646044,KEEP
away,2,top,8,2,0.9684877394742261,0.9712236975109532,-0.002735958036727104,KEEP
away,2,top,9,0,0.9854435031030848,0.9859579098093427,-5.144067062579083e-4,KEEP
away,2,top,9,1,0.9828195234832734,0.9840301859633309,-0.0012106624800575227,KEEP
away,2,top,9,2,0.9806077450494548,0.9823628956985095,-0.0017551506490547375,KEEP
away,2,top,10,0,0.9915069549998127,0.9918363221242185,-3.293671244057883e-4,KEEP
away,2,top,10,1,0.9898147506745837,0.9905852078328253,-7.704571582416442e-4,KEEP
away,2,top,10,2,0.9883896985053523,0.9895015751562136,-0.001111876650861321,KEEP
away,3,top,-10,0,0.010478364509855176,0.011637452153653083,-0.001159087643797907,KEEP
away,3,top,-10,1,0.007197949925674907,0.008256212185025369,-0.001058262259350462,KEEP
away,3,top,-10,2,0.005131105509145195,0.006025801293107924,-8.94695783962729e-4,KEEP
away,3,top,-9,0,0.01773369257389046,0.01952987345774082,-0.0017961808838503623,KEEP
away,3,top,-9,1,0.012514860745427514,0.014234791055386053,-0.0017199303099585395,KEEP
away,3,top,-9,2,0.009152974304200479,0.010662010852948711,-0.0015090365487482327,KEEP
away,3,top,-8,0,0.029307789971261822,0.031994845547732575,-0.0026870555764707538,KEEP
away,3,top,-8,1,0.021229515681976507,0.023942355032905427,-0.0027128393509289195,KEEP
away,3,top,-8,2,0.015902224468923976,0.01837833324420446,-0.0024761087752804833,KEEP
away,3,top,-7,0,0.047274842263818395,0.051144130010704725,-0.0038692877468863296,KEEP
away,3,top,-7,1,0.035162697853845626,0.039306364696214624,-0.004143666842368998,KEEP
away,3,top,-7,2,0.026978068860965765,0.03092240162137294,-0.0039443327604071765,KEEP
away,3,top,-6,0,0.07429370477735586,0.07963008447425735,-0.005336379696901483,KEEP
away,3,top,-6,1,0.05678536257829059,0.06289107630023771,-0.006105713721947126,KEEP
away,3,top,-6,2,0.044651942516062415,0.05072963557909682,-0.006077693063034406,KEEP
away,3,top,-5,0,0.11346848918193986,0.1204702323568756,-0.007001743174935737,KEEP
away,3,top,-5,1,0.08920352369384998,0.09783845615872822,-0.008634932464878231,KEEP
away,3,top,-5,2,0.07194437208805415,0.0809590212042901,-0.009014649116235951,KEEP
away,3,top,-4,0,0.16792637338426553,0.17659117941566094,-0.008664806031395411,KEEP
away,3,top,-4,1,0.135906572815933,0.14755011802142293,-0.011643545205489936,KEEP
away,3,top,-4,2,0.11251594199607062,0.12530459028861451,-0.012788648292543892,KEEP
away,3,top,-3,0,0.2400008080120043,0.2500051160176813,-0.010004308005676976,KEEP
away,3,top,-3,1,0.20012280701484175,0.21496662945968892,-0.014843822444847166,KEEP
away,3,top,-3,2,0.1701949653144993,0.18740278247588693,-0.01720781716138764,KEEP
away,3,top,-2,0,0.33000922587582415,0.34063935235337883,-0.01063012647755468,KEEP
away,3,top,-2,1,0.2836700716683308,0.30135420846748184,-0.01768413679915104,KEEP
away,3,top,-2,2,0.24795869014881133,0.2696567000605281,-0.021698009911716776,KEEP
away,3,top,-1,0,0.4348035237965341,0.44512555503560625,-0.01032203123907216,KEEP
away,3,top,-1,1,0.3852530225402905,0.4047704600667511,-0.019517437526460624,KEEP
away,3,top,-1,2,0.34615089247109354,0.37150001011922396,-0.025349117648130415,KEEP
away,3,top,0,0,0.5468953552635749,0.5561153527898006,-0.00921999752622571,KEEP
away,3,top,0,1,0.4992422672472754,0.5186344336507971,-0.019392166403521705,KEEP
away,3,top,0,2,0.4609921608630214,0.487253235579549,-0.02626107471652761,KEEP
away,3,top,1,0,0.6546391469426747,0.6622486972732959,-0.007609550330621273,KEEP
away,3,top,1,1,0.6132568348207988,0.6304652235618395,-0.017208388741040692,KEEP
away,3,top,1,2,0.5796728053131476,0.6035748106361352,-0.023902005322987585,KEEP
away,3,top,2,0,0.7481675979904938,0.7540707162063667,-0.00590311821587286,KEEP
away,3,top,2,1,0.7147920804378732,0.7289108682552379,-0.014118787817364642,KEEP
away,3,top,2,2,0.6874862335183133,0.7074572918176703,-0.01997105829935697,KEEP
away,3,top,3,0,0.8235692833219989,0.8279134686150271,-0.004344185293028269,KEEP
away,3,top,3,1,0.7982495918282583,0.8091087229893932,-0.010859131161134905,KEEP
away,3,top,3,2,0.7774070948062721,0.7929772052154306,-0.015570110409158455,KEEP
away,3,top,4,0,0.8807498097105401,0.883805984239691,-0.003056174529150968,KEEP
away,3,top,4,1,0.8624980226470995,0.8704145426526867,-0.00791652000558718,KEEP
away,3,top,4,2,0.847401366557359,0.8588719759693242,-0.011470609411965205,KEEP
away,3,top,5,0,0.9219544133502956,0.9240225268465969,-0.002068113496301316,KEEP
away,3,top,5,1,0.9093556275517597,0.9148715437561946,-0.005515916204434923,KEEP
away,3,top,5,2,0.8988949154835582,0.9069539756075176,-0.008059060123959405,KEEP
away,3,top,6,0,0.9503880101111734,0.9517412919399468,-0.0013532818287734782,KEEP
away,3,top,6,1,0.942008180823171,0.9457054096712892,-0.0036972288481182947,KEEP
away,3,top,6,2,0.93502957205671,0.9404676891899622,-0.005438117133252152,KEEP
away,3,top,7,0,0.969294349392314,0.9701550294289037,-8.606800365897893e-4,KEEP
away,3,top,7,1,0.9638941324774895,0.9662910207417262,-0.002396888264236785,KEEP
away,3,top,7,2,0.959387395288201,0.962931461466757,-0.00354406617855596,KEEP
away,3,top,8,0,0.9814743093880708,0.9820097414702523,-5.354320821815417e-4,KEEP
away,3,top,8,1,0.9780820535560216,0.979592724983925,-0.0015106714279033984,KEEP
away,3,top,8,2,0.975248748359142,0.9774902991665781,-0.0022415508074361545,KEEP
away,3,top,9,0,0.9891223628955065,0.9894514176264597,-3.290547309532377e-4,KEEP
away,3,top,9,1,0.9870258678714716,0.9879576670598718,-9.317991884001398e-4,KEEP
away,3,top,9,2,0.9852767360585023,0.9866601027054586,-0.0013833666469562633,KEEP
away,3,top,10,0,0.9938459918695475,0.9940484442796232,-2.0245241007577075e-4,KEEP
away,3,top,10,1,0.9925489955126864,0.9931184280392892,-5.694325266027978e-4,KEEP
away,3,top,10,2,0.991468270868609,0.9923100989994967,-8.41828130887734e-4,KEEP
away,4,top,-10,0,0.007563270495242969,0.00839498821038509,-8.317177151421218e-4,KEEP
away,4,top,-10,1,0.005026829274571543,0.005690262674767466,-6.63433400195923e-4,KEEP
away,4,top,-10,2,0.003457973267238179,0.003964218221138904,-5.062449539007252e-4,KEEP
away,4,top,-9,0,0.0132841624805079,0.014622224763767067,-0.001338062283259167,KEEP
away,4,top,-9,1,0.009081163535781367,0.010205218240354919,-0.0011240547045735516,KEEP
away,4,top,-9,2,0.006417116382990917,0.007313266318044631,-8.961499350537139e-4,KEEP
away,4,top,-8,0,0.022799600474172732,0.02487689974106133,-0.0020772992668885992,KEEP
away,4,top,-8,1,0.016025907756767044,0.017874240829762966,-0.0018483330729959224,KEEP
away,4,top,-8,2,0.01162052059439267,0.013164221244609808,-0.001543700650217139,KEEP
away,4,top,-7,0,0.03819674361444825,0.04129694604928258,-0.0031002024348343316,KEEP
away,4,top,-7,1,0.02762555380583287,0.030568459296053008,-0.002942905490220138,KEEP
away,4,top,-7,2,0.020563474905940016,0.02314677426639289,-0.002583299360452873,KEEP
away,4,top,-6,0,0.06232860234293691,0.06674937063273845,-0.0044207682898015355,KEEP
away,4,top,-6,1,0.04643096893089471,0.05094935159630598,-0.004518382665411269,KEEP
away,4,top,-6,2,0.035509996020048784,0.039694666012319524,-0.00418466999227074,KEEP
away,4,top,-5,0,0.09878332067275242,0.10475611327367174,-0.005972792600919319,KEEP
away,4,top,-5,1,0.07588336973410881,0.08253552352576254,-0.0066521537916537365,KEEP
away,4,top,-5,2,0.05968916680720837,0.06621827109858103,-0.006529104291372656,KEEP
away,4,top,-4,0,0.1515429017433424,0.15910177096725142,-0.007558869223909026,KEEP
away,4,top,-4,1,0.12019206698352036,0.1295130954888214,-0.009321028505301032,KEEP
away,4,top,-4,2,0.09734511188844264,0.10709080610310218,-0.00974569421465954,KEEP
away,4,top,-3,0,0.2241241906560324,0.23294353846747506,-0.008819347811442668,KEEP
away,4,top,-3,1,0.18375084018674914,0.19605850903614164,-0.012307668849392495,KEEP
away,4,top,-3,2,0.15340636349712566,0.16719824195667876,-0.013791878459553097,KEEP
away,4,top,-2,0,0.3180594537778416,0.32731361530873004,-0.009254161530888427,KEEP
away,4,top,-2,1,0.26984605855129407,0.28491769630486485,-0.015071637753570788,KEEP
away,4,top,-2,2,0.23247001699699466,0.25070207013104295,-0.0182320531340483,KEEP
away,4,top,-1,0,0.4307101841881097,0.43931969163045725,-0.008609507442347564,KEEP
away,4,top,-1,1,0.37827899872474935,0.39532297226130764,-0.017043973536558288,KEEP
away,4,top,-1,2,0.33650470965399304,0.35888059091910296,-0.02237588126510992,KEEP
away,4,top,0,0,0.553381152194659,0.5606968460471454,-0.007315693852486427,KEEP
away,4,top,0,1,0.5035283495497579,0.5204807342184925,-0.01695238466873461,KEEP
away,4,top,0,2,0.46309657390265835,0.48660031377593904,-0.023503739873280693,KEEP
away,4,top,1,0,0.6699796600685705,0.675696578851066,-0.005716918782495584,KEEP
away,4,top,1,1,0.6282544666434492,0.6427881290316992,-0.014533662388250046,KEEP
away,4,top,1,2,0.5940753365445541,0.6147802276600407,-0.020704891115486568,KEEP
away,4,top,2,0,0.7675601468001274,0.7717611272136283,-0.004200980413500921,KEEP
away,4,top,2,1,0.7352510361869673,0.7467204546079622,-0.011469418420994915,KEEP
away,4,top,2,2,0.7085941688433066,0.7252485298447389,-0.01665436100143225,KEEP
away,4,top,3,0,0.8431052630855757,0.8460358608450572,-0.002930597759481568,KEEP
away,4,top,3,1,0.8196310354344872,0.8280893299158147,-0.00845829448132751,KEEP
away,4,top,3,2,0.8001596244729569,0.812613077935987,-0.012453453463030173,KEEP
away,4,top,4,0,0.89798128801407,0.8999377399192184,-0.001956451905148482,KEEP
away,4,top,4,1,0.8817917250780328,0.8876960930133573,-0.0059043679353244505,KEEP
away,4,top,4,2,0.8683071958627425,0.8770925967582566,-0.00878540089551405,KEEP
away,4,top,5,0,0.9358200037025731,0.937077812799496,-0.0012578090969228573,KEEP
away,4,top,5,1,0.9251312711367142,0.9290684663072257,-0.003937195170511498,KEEP
away,4,top,5,2,0.9161993625396158,0.922106442311376,-0.005907079771760193,KEEP
away,4,top,6,0,0.9607969721787157,0.9615798084451408,-7.828362664250577e-4,KEEP
away,4,top,6,1,0.9539966493517689,0.9565222375273411,-0.0025255881755722465,KEEP
away,4,top,6,2,0.9482994527955836,0.9521139005689493,-0.0038144477733657034,KEEP
away,4,top,7,0,0.9766844077888748,0.9771584441149929,-4.74036326118088e-4,KEEP
away,4,top,7,1,0.9724920800978357,0.9740592104143786,-0.0015671303165428752,KEEP
away,4,top,7,2,0.9689733801996845,0.9713527425762748,-0.0023793623765903105,KEEP
away,4,top,8,0,0.9864764951981835,0.9867575440455777,-2.810488473942163e-4,KEEP
away,4,top,8,1,0.983957516613098,0.9849028419279828,-9.453253148847818e-4,KEEP
away,4,top,8,2,0.9818417012027665,0.9832822887063695,-0.0014405875036029858,KEEP
away,4,top,9,0,0.9923580262528952,0.9925228610089706,-1.6483475607542708e-4,KEEP
away,4,top,9,1,0.9908700089426401,0.9914276916299276,-5.576826872875085e-4,KEEP
away,4,top,9,2,0.9896212590046309,0.9904719910765197,-8.507320718887934e-4,KEEP
away,4,top,10,0,0.9958300309518808,0.9959270004545934,-9.696950271254057e-5,KEEP
away,4,top,10,1,0.9949513152921385,0.995276462991977,-3.2514769983849057e-4,KEEP
away,4,top,10,2,0.994214610001849,0.9947088811693995,-4.942711675505196e-4,KEEP
away,5,top,-10,0,0.0051383083686215025,0.005636409634002804,-4.981012653813011e-4,KEEP
away,5,top,-10,1,0.003201286811591042,0.0035972453555748185,-3.959585439837765e-4,KEEP
away,5,top,-10,2,0.0020612201983186695,0.002352410798925675,-2.911906006070053e-4,KEEP
away,5,top,-9,0,0.009423868576340921,0.010259055671243744,-8.351870949028228e-4,KEEP
away,5,top,-9,1,0.006056992920004944,0.006761415135126403,-7.044222151214585e-4,KEEP
away,5,top,-9,2,0.0040177733038258,0.004562504365725362,-5.447310618995616e-4,KEEP
away,5,top,-8,0,0.016901671117422912,0.018251248703805012,-0.0013495775863821002,KEEP
away,5,top,-8,1,0.011209521288950697,0.01242648177277017,-0.0012169604838194736,KEEP
away,5,top,-8,2,0.007656502560280609,0.008649536592763685,-9.930340324830755e-4,KEEP
away,5,top,-7,0,0.02959656937815691,0.031687645077509985,-0.0020910756993530732,KEEP
away,5,top,-7,1,0.020276351106553903,0.02231266278951194,-0.0020363116829580363,KEEP
away,5,top,-7,2,0.014272132060882403,0.016033185195193034,-0.0017610531343106306,KEEP
away,5,top,-6,0,0.05047615298721153,0.053558166053001455,-0.0030820130657899236,KEEP
away,5,top,-6,1,0.03577039712477237,0.039055815375013014,-0.003285418250240646,KEEP
away,5,top,-6,2,0.025977713897757715,0.0290050000518155,-0.0030272861540577845,KEEP
away,5,top,-5,0,0.08357911024661213,0.08785051029603341,-0.004271400049421281,KEEP
away,5,top,-5,1,0.0613628709570595,0.0664429157776042,-0.0050800448205446935,KEEP
away,5,top,-5,2,0.04604442296602884,0.05106388221333458,-0.005019459247305735,KEEP
away,5,top,-4,0,0.13384487404741452,0.1393148970374949,-0.00547002299008037,KEEP
away,5,top,-4,1,0.1019843611936917,0.10944884286497736,-0.007464481671285661,KEEP
away,5,top,-4,2,0.07919409559750412,0.08716637658210913,-0.007972280984605007,KEEP
away,5,top,-3,0,0.20632279708952317,0.21261168890551807,-0.0062888918159949014,KEEP
away,5,top,-3,1,0.1634558652328022,0.17375729486816682,-0.010301429635364623,KEEP
away,5,top,-3,2,0.13158352005326268,0.14360308666655675,-0.012019566613294064,KEEP
away,5,top,-2,0,0.3044139763548782,0.31049523053378436,-0.006081254178906148,KEEP
away,5,top,-2,1,0.2512396533041893,0.26425900028236415,-0.013019346978174862,KEEP
away,5,top,-2,2,0.2100786325508185,0.2269450780930351,-0.016866445542216613,KEEP
away,5,top,-1,0,0.4267841075247658,0.43132203953050097,-0.004537932005735157,KEEP
away,5,top,-1,1,0.3672721179561079,0.3825243995077544,-0.015252281551646485,KEEP
away,5,top,-1,2,0.3195000340587223,0.3418510008811395,-0.022350966822417218,KEEP
away,5,top,0,0,0.5634784716494077,0.5665566279626013,-0.0030781563131936363,KEEP
away,5,top,0,1,0.5077039210740668,0.5229641279946853,-0.015260206920618469,KEEP
away,5,top,0,2,0.4619806035104226,0.4859474813870631,-0.023966877876640535,KEEP
away,5,top,1,0,0.6909709888316694,0.693011267422628,-0.0020402785909585663,KEEP
away,5,top,1,1,0.6467567179739694,0.6591490822996918,-0.012392364325722438,KEEP
away,5,top,1,2,0.6101708384922293,0.6301286730861175,-0.019957834593888224,KEEP
away,5,top,2,0,0.7918910675400602,0.7931722815001188,-0.001281213960058536,KEEP
away,5,top,2,1,0.7594068272188302,0.7686960979069829,-0.009289270688152662,KEEP
away,5,top,2,2,0.732341342819678,0.7475749095386874,-0.01523356671900944,KEEP
away,5,top,3,0,0.8659354150739502,0.8667074148075313,-7.71999733581108e-4,KEEP
away,5,top,3,1,0.8435624663140722,0.850060089187851,-0.006497622873778863,KEEP
away,5,top,3,2,0.8248268845181084,0.8356206472480299,-0.010793762729921497,KEEP
away,5,top,4,0,0.9168755775118507,0.9173247342495062,-4.4915673765555386e-4,KEEP
away,5,top,4,1,0.9022477268551368,0.9065490218927612,-0.004301295037624442,KEEP
away,5,top,4,2,0.889950253374808,0.8971650915890308,-0.007214838214222752,KEEP
away,5,top,5,0,0.9501503161577461,0.9504039657926449,-2.536496348987116e-4,KEEP
away,5,top,5,1,0.9409905031099363,0.9437113369582412,-0.0027208338483049044,KEEP
away,5,top,5,2,0.9332662749492723,0.937864652315611,-0.004598377366338724,KEEP
away,5,top,6,0,0.9709702457284535,0.9711098914119418,-1.3964568348834305e-4,KEEP
away,5,top,6,1,0.9654392569691367,0.9670959676200465,-0.0016567106509097762,KEEP
away,5,top,6,2,0.9607637769706218,0.9635806512552565,-0.0028168742846347294,KEEP
away,5,top,7,0,0.9835333631351079,0.9836087311817603,-7.536804665242425e-5,KEEP
away,5,top,7,1,0.9802950867971907,0.981271555909008,-9.764691118173685e-4,KEEP
away,5,top,7,2,0.9775528030552209,0.979221099904871,-0.001668296849650197,KEEP
away,5,top,8,0,0.9908841836294473,0.9909244890372747,-4.030540782740122e-5,KEEP
away,5,top,8,1,0.9890358305307321,0.9895955999237344,-5.597693930022851e-4,KEEP
away,5,top,8,2,0.9874692713333725,0.988429013806008,-9.597424726355275e-4,KEEP
away,5,top,9,0,0.9950772386610665,0.9950991030462822,-2.1864385215786264e-5,KEEP
away,5,top,9,1,0.9940405541251053,0.9943543157306161,-3.1376160551077614e-4,KEEP
away,5,top,9,2,0.9931625432323686,0.9937012418113826,-5.386985790140075e-4,KEEP
away,5,top,10,0,0.9974271735080458,0.9974394376189962,-1.2264110950455098e-5,KEEP
away,5,top,10,1,0.9968468009493169,0.9970202411306603,-1.7344018134346495e-4,KEEP
away,5,top,10,2,0.9963558283912639,0.9966529703471327,-2.971419558688293e-4,KEEP
away,6,top,-10,0,0.003137421080180447,0.0034203648252087993,-2.829437450283523e-4,KEEP
away,6,top,-10,1,0.0018071721369747884,0.002007913756222224,-2.007416192474354e-4,KEEP
away,6,top,-10,2,0.0010713079173867435,0.0011982090549785829,-1.269011375918394e-4,KEEP
away,6,top,-9,0,0.00606606910254659,0.006566349531020754,-5.002804284741647e-4,KEEP
away,6,top,-9,1,0.0036180785268732363,0.00399671273573321,-3.786342088599737e-4,KEEP
away,6,top,-9,2,0.0022179763963432464,0.0024720343680353363,-2.540579716920899e-4,KEEP
away,6,top,-8,0,0.011479440191729418,0.01233142222246475,-8.519820307353321e-4,KEEP
away,6,top,-8,1,0.007095529408323364,0.0077896596387941885,-6.941302304708241e-4,KEEP
away,6,top,-8,2,0.004498739709097532,0.00499530541401727,-4.965657049197381e-4,KEEP
away,6,top,-7,0,0.02122115680935377,0.02260958027386284,-0.0013884234645090698,KEEP
away,6,top,-7,1,0.013612998432255607,0.014846139269791059,-0.0012331408375354513,KEEP
away,6,top,-7,2,0.008937054262317057,0.009883206488766505,-9.461522264494482e-4,KEEP
away,6,top,-6,0,0.03821865247239886,0.040361794282974484,-0.0021431418105756217,KEEP
away,6,top,-6,1,0.025488543698505395,0.027601255105959566,-0.002112711407454171,KEEP
away,6,top,-6,2,0.01735383441324556,0.019105528495205193,-0.0017516940819596316,KEEP
away,6,top,-5,0,0.06682831545162626,0.06991272806171478,-0.003084412610088516,KEEP
away,6,top,-5,1,0.04642982265558637,0.0498978890657199,-0.00346806641013353,KEEP
away,6,top,-5,2,0.032843666724033715,0.03598094455380996,-0.0031372778297762416,KEEP
away,6,top,-4,0,0.11297345434548667,0.11700257112973655,-0.0040291167842498865,KEEP
away,6,top,-4,1,0.08195958997027786,0.08736133384443046,-0.005401743874152598,KEEP
away,6,top,-4,2,0.06036520460090977,0.06576544470938228,-0.005400240108472509,KEEP
away,6,top,-3,0,0.18364843900771144,0.1881691670550104,-0.004520728047298972,KEEP
away,6,top,-3,1,0.1394900085595503,0.14735851940596156,-0.00786851084641127,KEEP
away,6,top,-3,2,0.10723290361059457,0.11609704072306848,-0.008864137112473913,KEEP
away,6,top,-2,0,0.285177349412716,0.28870979627264315,-0.003532446859927152,KEEP
away,6,top,-2,1,0.22751415083820126,0.23768104554319525,-0.01016689470499399,KEEP
away,6,top,-2,2,0.18313742941323297,0.19655098194784715,-0.013413552534614182,KEEP
away,6,top,-1,0,0.41934486952775607,0.41961347180927866,-2.686022815225897e-4,KEEP
away,6,top,-1,1,0.35181138164117487,0.3642315461638892,-0.012420164522714328,KEEP
away,6,top,-1,2,0.2973608480479072,0.3177096032893373,-0.020348755241430094,KEEP
away,6,top,0,0,0.5756815955763057,0.573965170620335,0.0017164249559706857,USE
away,6,top,0,1,0.5137687281625581,0.5260581015120492,-0.012289373349491095,KEEP
away,6,top,0,2,0.4627070559152642,0.48498346967783834,-0.022276413762574165,KEEP
away,6,top,1,0,0.7174912945441034,0.7158661397179216,0.0016251548261818627,USE
away,6,top,1,1,0.6724515628321461,0.6814953311845271,-0.009043768352380965,KEEP
away,6,top,1,2,0.6350578826061539,0.6518180559701416,-0.016760173363987718,KEEP
away,6,top,2,0,0.8205173557499017,0.8191707309186136,0.0013466248312881124,USE
away,6,top,2,1,0.7896546666089993,0.7959392214409249,-0.006284554831925582,KEEP
away,6,top,2,2,0.7638851257119642,0.7757602355064004,-0.011875109794436178,KEEP
away,6,top,3,0,0.8909849740834016,0.8900064835813924,9.78490502009155e-4,USE
away,6,top,3,1,0.8711225037419748,0.8752113144683904,-0.004088810726415648,KEEP
away,6,top,3,2,0.8544683035608193,0.8623028422684846,-0.007834538707665373,KEEP
away,6,top,4,0,0.9362703117875536,0.9356181687204287,6.521430671249107e-4,USE
away,6,top,4,1,0.9241141140139998,0.9266387060735175,-0.0025245920595177163,KEEP
away,6,top,4,2,0.913888597269861,0.9187771880077381,-0.004888590737877063,KEEP
away,6,top,5,0,0.9639524320419731,0.9635446774847505,4.077545572226393e-4,USE
away,6,top,5,1,0.9568161082343108,0.9583088916484859,-0.0014927834141750251,KEEP
away,6,top,5,2,0.9507979855280103,0.9537123828293631,-0.002914397301352789,KEEP
away,6,top,6,0,0.980187040844205,0.9799443218570371,2.4271898716798912e-4,USE
away,6,top,6,1,0.9761409911297636,0.9769924299279837,-8.514387982201388e-4,KEEP
away,6,top,6,2,0.9727220457214618,0.9743952992113916,-0.001673253489929749,KEEP
away,6,top,7,0,0.9893836128888445,0.9892448179125142,1.3879497633029203e-4,USE
away,6,top,7,1,0.9871564150726002,0.9876273695595392,-4.7095448693901254e-4,KEEP
away,6,top,7,2,0.9852715757145527,0.9862020396117871,-9.304638972343904e-4,KEEP
away,6,top,8,0,0.994442111468306,0.9943654599288612,7.66515394448053e-5,USE
away,6,top,8,1,0.9932458625539954,0.9934996046349353,-2.5374208093986717e-4,KEEP
away,6,top,8,2,0.9922327315945607,0.9927360941134629,-5.033625189021507e-4,KEEP
away,6,top,9,0,0.9971570775364704,0.9971161236279492,4.0953908521212945e-5,USE
away,6,top,9,1,0.9965257421773133,0.9966595304055463,-1.3378822823306713e-4,KEEP
away,6,top,9,2,0.9959913409608302,0.9962573032397111,-2.659622788808713e-4,KEEP
away,6,top,10,0,0.9985887543966985,0.9985674158183224,2.133857837605113e-5,USE
away,6,top,10,1,0.9982566126587017,0.9983261199385842,-6.950727988253025e-5,KEEP
away,6,top,10,2,0.9979757536490996,0.9981137700486227,-1.3801639952304434e-4,KEEP
away,7,top,-10,0,0.0016367993367824019,0.001780441162881563,-1.436418260991612e-4,KEEP
away,7,top,-10,1,8.33590387252281e-4,9.215393149176743e-4,-8.79489276653933e-5,KEEP
away,7,top,-10,2,4.304529871974605e-4,4.74837449385368e-4,-4.438446218790748e-5,KEEP
away,7,top,-9,0,0.003382329658946248,0.0036552103363949318,-2.728806774486836e-4,KEEP
away,7,top,-9,1,0.0017946984320235115,0.0019735352689723706,-1.788368369488591e-4,KEEP
away,7,top,-9,2,9.648113186621066e-4,0.001061566232765987,-9.675491410388037e-5,KEEP
away,7,top,-8,0,0.006848928466959503,0.007348642427509766,-4.997139605502632e-4,KEEP
away,7,top,-8,1,0.0037916320917614765,0.004145644000514315,-3.5401190875283817e-4,KEEP
away,7,top,-8,2,0.0021237623359671165,0.0023303009833801624,-2.0653864741304595e-4,KEEP
away,7,top,-7,0,0.01356016813801797,0.01443552242415791,-8.753542861399399e-4,KEEP
away,7,top,-7,1,0.007847410696071533,0.00852727913013096,-6.798684340594274e-4,KEEP
away,7,top,-7,2,0.004587019572156792,0.005018181190781457,-4.3116161862466473e-4,KEEP
away,7,top,-6,0,0.026176302792432993,0.027625591359771273,-0.0014492885673382805,KEEP
away,7,top,-6,1,0.01587131793869412,0.01713154501682268,-0.0012602270781285618,KEEP
away,7,top,-6,2,0.009700573632199117,0.010578347722131287,-8.777740899321707e-4,KEEP
away,7,top,-5,0,0.04909059545852734,0.05131531321574323,-0.0022247177572158883,KEEP
away,7,top,-5,1,0.031268488781194925,0.03350808517085746,-0.002239596389662535,KEEP
away,7,top,-5,2,0.020029781190438523,0.02176705331761808,-0.0017372721271795566,KEEP
away,7,top,-4,0,0.0890317653829823,0.09208771765549373,-0.0030559522725114308,KEEP
away,7,top,-4,1,0.05976785766145443,0.06354201391358894,-0.0037741562521345084,KEEP
away,7,top,-4,2,0.04023841919252291,0.04356219465317579,-0.003323775460652878,KEEP
away,7,top,-3,0,0.15522513461779952,0.1586653186473831,-0.0034401840295835706,KEEP
away,7,top,-3,1,0.11024620351466152,0.11616505747974903,-0.005918853965087512,KEEP
away,7,top,-3,2,0.07827273134283219,0.08437808754992349,-0.006105356207091295,KEEP
away,7,top,-2,0,0.2582694438846831,0.2598471775647865,-0.001577733680103388,KEEP
away,7,top,-2,1,0.1951361548094105,0.2028204753981412,-0.0076843205887306976,KEEP
away,7,top,-2,2,0.14687967144262692,0.1569262783228319,-0.010046606880204978,KEEP
away,7,top,-1,0,0.40674514232400605,0.4003048655116985,0.006440276812307522,USE
away,7,top,-1,1,0.32690001462686946,0.33520047469490244,-0.008300460068032978,KEEP
away,7,top,-1,2,0.2618566614939677,0.27988061677808007,-0.01802395528411238,KEEP
away,7,top,0,0,0.5921362149381848,0.5826281420271688,0.009508072911015963,USE
away,7,top,0,1,0.5211759066991689,0.5288385561910778,-0.007662649491908868,KEEP
away,7,top,0,2,0.4619069864251657,0.4821473680724351,-0.02024038164726938,KEEP
away,7,top,1,0,0.7532416414416383,0.7471203741614278,0.006121267280210452,USE
away,7,top,1,1,0.7084782975024563,0.7132604740708404,-0.004782176568384089,KEEP
away,7,top,1,2,0.6710013475286977,0.6837818195839782,-0.012780472055280545,KEEP
away,7,top,2,0,0.8549599770852444,0.8509177178458328,0.004042259239411594,USE
away,7,top,2,1,0.8269936019466866,0.8299821605862766,-0.002988558639590022,KEEP
away,7,top,2,2,0.8034759552276296,0.8116676765449489,-0.008191721317319267,KEEP
away,7,top,3,0,0.9183729049864877,0.9158888705287467,0.0024840344577410356,USE
away,7,top,3,1,0.9018696396035288,0.9036344483282165,-0.0017648087246876498,KEEP
away,7,top,3,2,0.8879453778981997,0.8928748623471281,-0.0049294844489283784,KEEP
away,7,top,4,0,0.9557288882360707,0.9542856613935033,0.0014432268425673689,USE
away,7,top,4,1,0.9464331337662687,0.9474282701130813,-9.951363468125862e-4,KEEP
away,7,top,4,2,0.9385697119564139,0.9413900258327433,-0.0028203138763294167,KEEP
away,7,top,5,0,0.9767397594307234,0.9759390255141827,8.007339165407856e-4,USE
away,7,top,5,1,0.9717043343471333,0.9722439590502907,-5.39624703157382e-4,KEEP
away,7,top,5,2,0.9674361151649674,0.968982869526398,-0.0015467543614305912,KEEP
away,7,top,6,0,0.9881077021607467,0.987679602736565,4.280994241817604e-4,USE
away,7,top,6,1,0.9854668342846962,0.9857501321572067,-2.832978725105795e-4,KEEP
away,7,top,6,2,0.983224675612383,0.9840441545439341,-8.194789315510986e-4,KEEP
away,7,top,7,0,0.9940637358823614,0.9938418747847699,2.2186109759148032e-4,USE
away,7,top,7,1,0.992716186189681,0.9928608674648811,-1.446812752000648e-4,KEEP
away,7,top,7,2,0.9915706522228733,0.9919922940565902,-4.2164183371684594e-4,KEEP
away,7,top,8,0,0.9971002454530139,0.996988329497163,1.119159558509164e-4,USE
away,7,top,8,1,0.9964282811805629,0.9965004493717681,-7.216819120514639e-5,KEEP
away,7,top,8,2,0.9958566633711805,0.9960682026134753,-2.1153924229477816e-4,KEEP
away,7,top,9,0,0.9986131915548131,0.998558108140838,5.508341397508776e-5,USE
away,7,top,9,1,0.9982837838422723,0.9983191094527837,-3.5325610511338645e-5,KEEP
away,7,top,9,2,0.9980036759582601,0.998107521059616,-1.0384510135585945e-4,KEEP
away,7,top,10,0,0.9993542394704956,0.9993277167653183,2.6522705177334238e-5,USE
away,7,top,10,1,0.9991934628033223,0.9992105791064844,-1.711630316203472e-5,KEEP
away,7,top,10,2,0.9990568810829612,0.9991069814450927,-5.010036213148883e-5,KEEP
away,8,top,-10,0,6.611285261399757e-4,7.114300559567521e-4,-5.030152981677638e-5,KEEP
away,8,top,-10,1,2.711260748381461e-4,2.9492140318199134e-4,-2.3795328343845235e-5,KEEP
away,8,top,-10,2,1.0646231652333693e-4,1.1372577459001221e-4,-7.263458066675277e-6,KEEP
away,8,top,-9,0,0.0014936957916501514,0.001599411519359828,-1.0571572770967652e-4,KEEP
away,8,top,-9,1,6.45652200173652e-4,6.992803455101448e-4,-5.362814533649285e-5,KEEP
away,8,top,-9,2,2.6785176641841435e-4,2.8559949504813886e-4,-1.7747728629724513e-5,KEEP
away,8,top,-8,0,0.0033125762489217836,0.0035273754932887424,-2.1479924436695885e-4,KEEP
away,8,top,-8,1,0.0015125051725175531,0.0016304645897935455,-1.1795941727599235e-4,KEEP
away,8,top,-8,2,6.639904668730434e-4,7.066270459868962e-4,-4.263657911385277e-5,KEEP
away,8,top,-7,0,0.007194351478317262,0.007612973662149525,-4.1862218383226235e-4,KEEP
away,8,top,-7,1,0.003478946979601605,0.003731364379139457,-2.5241739953785203e-4,KEEP
away,8,top,-7,2,0.0016194589155867911,0.0017201546249113742,-1.0069570932458305e-4,KEEP
away,8,top,-6,0,0.015257339492877109,0.016030388446880983,-7.730489540038743e-4,KEEP
away,8,top,-6,1,0.007837973766736783,0.008361261901973283,-5.232881352364993e-4,KEEP
away,8,top,-6,2,0.0038777407653360907,0.004111469517556587,-2.3372875222049672e-4,KEEP
away,8,top,-5,0,0.03147920195186593,0.032805297055772065,-0.001326095103906133,KEEP
away,8,top,-5,1,0.017244870594671613,0.0182910389783969,-0.0010461683837252878,KEEP
away,8,top,-5,2,0.00909183589767426,0.009625750098629648,-5.339142009553877e-4,KEEP
away,8,top,-4,0,0.06287389063056925,0.06490474178187267,-0.0020308511513034144,KEEP
away,8,top,-4,1,0.03690888113706514,0.03890132121145773,-0.0019924400743925874,KEEP
away,8,top,-4,2,0.020810778278575026,0.022015011175269272,-0.0012042328966942462,KEEP
away,8,top,-3,0,0.12077165761183484,0.12320644694565153,-0.0024347893338166893,KEEP
away,8,top,-3,1,0.07643254879763817,0.07991097675469805,-0.003478427957059882,KEEP
away,8,top,-3,2,0.04632042632528144,0.04896954690348854,-0.002649120578207098,KEEP
away,8,top,-2,0,0.221257660375633,0.22107054928653713,1.8711108909585938e-4,USE
away,8,top,-2,1,0.15244315587939616,0.15657550869755232,-0.00413235281815616,KEEP
away,8,top,-2,2,0.10030418574849953,0.10515520134163014,-0.004851015593130614,KEEP
away,8,top,-1,0,0.38764790632200263,0.3677107636381488,0.019937142683853826,USE
away,8,top,-1,1,0.2892408039612939,0.284328953134086,0.004911850827207909,USE
away,8,top,-1,2,0.20768557964981682,0.21426558818024366,-0.00658000853042684,KEEP
away,8,top,0,0,0.6185443767341129,0.5943469385336664,0.02419743820044651,USE
away,8,top,0,1,0.5351835771100951,0.5284044051092898,0.006779172000805356,USE
away,8,top,0,2,0.4641945745757703,0.4727497755152361,-0.008555200939465823,KEEP
away,8,top,1,0,0.8051910573762847,0.793989784965133,0.011201272411151764,USE
away,8,top,1,1,0.7644983387562676,0.7614019836069882,0.0030963551492794172,USE
away,8,top,1,2,0.7299941185893659,0.7338921252599364,-0.0038980066705704974,KEEP
away,8,top,2,0,0.8971168522617139,0.8907837812935142,0.006333070968199683,USE
away,8,top,2,1,0.8746533727627939,0.8728719939223545,0.0017813788404393849,USE
away,8,top,2,2,0.8555485160893976,0.8577341956602029,-0.002185679570805288,KEEP
away,8,top,3,0,0.9477516766563715,0.9443515258805625,0.003400150775809019,USE
away,8,top,3,1,0.9359230434701826,0.9349537277011861,9.693157689965037e-4,USE
away,8,top,3,2,0.925838409972719,0.9270045162146856,-0.001166106241966558,KEEP
away,8,top,4,0,0.9743644395595739,0.9726184227368014,0.0017460168227724226,USE
away,8,top,4,1,0.9683862115452648,0.9678834215296431,5.027900156217013e-4,USE
away,8,top,4,2,0.9632794011559725,0.9638757011881341,-5.963000321616008e-4,KEEP
away,8,top,5,0,0.98779197649315,0.9869302208121133,8.617556810366356e-4,USE
away,8,top,5,1,0.9848772904967223,0.9846272542346213,2.500362621010721e-4,USE
away,8,top,5,2,0.9823836773843019,0.9826770533946516,-2.9337601034973293e-4,KEEP
away,8,top,6,0,0.9943299257139953,0.993917702078656,4.12223635339215e-4,USE
away,8,top,6,1,0.9929494639525044,0.9928291449666915,1.2031898581288392e-4,USE
away,8,top,6,2,0.9917669837265395,0.9919069823754428,-1.3999864890335e-4,KEEP
away,8,top,7,0,0.9974230244528959,0.9972309474119416,1.920770409542527e-4,USE
away,8,top,7,1,0.9967850043627693,0.9967286727910366,5.633157173268177e-5,USE
away,8,top,7,2,0.9962379630337915,0.9963030751590968,-6.511212530524446e-5,KEEP
away,8,top,8,0,0.99885122802033,0.9987637315129212,8.749650740880188e-5,USE
away,8,top,8,1,0.9985623649539345,0.9985366089404246,2.5756013509847797e-5,USE
away,8,top,8,2,0.998314552798566,0.9983441750444166,-2.9622245850680073e-5,KEEP
away,8,top,9,0,0.9994972916951629,0.9994582311790466,3.906051611624051e-5,USE
away,8,top,9,1,0.9993685543807678,0.9993570382244559,1.1516156311897063e-5,USE
away,8,top,9,2,0.9992581389801843,0.9992713626693391,-1.3223689154795437e-5,KEEP
away,8,top,10,0,0.9997849823879261,0.9997678628071092,1.7119580816959967e-5,USE
away,8,top,10,1,0.9997278999772711,0.9997228835093036,5.016467967466909e-6,USE
away,8,top,10,2,0.9996789812460115,0.9996847955662231,-5.814320211627866e-6,KEEP
away,9,top,-10,0,1.4453777742773344e-4,1.5544521552646184e-4,-1.0907438098728406e-5,KEEP
away,9,top,-10,1,3.179209018655538e-5,3.529395422696702e-5,-3.5018640404116397e-6,KEEP
away,9,top,-10,2,3.804328513767885e-6,4.157495775758413e-6,-3.5316726199052795e-7,KEEP
away,9,top,-9,0,3.769110402838116e-4,4.0438437131606886e-4,-2.7473331032257242e-5,KEEP
away,9,top,-9,1,9.018990532638771e-5,9.992994024021762e-5,-9.74003491382991e-6,KEEP
away,9,top,-9,2,1.2003347800382258e-5,1.311765670297671e-5,-1.114308902594452e-6,KEEP
away,9,top,-8,0,9.690995984683592e-4,0.0010367998162901237,-6.77002178217645e-5,KEEP
away,9,top,-8,1,2.5383699018799444e-4,2.805939557837256e-4,-2.6756965595731153e-5,KEEP
away,9,top,-8,2,3.787272403943387e-5,4.1388574268719225e-5,-3.5158502292853555e-6,KEEP
away,9,top,-7,0,0.0024503038906180663,0.0026125985558517195,-1.622946652336532e-4,KEEP
away,9,top,-7,1,7.076000388469561e-4,7.799487163790975e-4,-7.234867753214136e-5,KEEP
away,9,top,-7,2,1.1949653635889845e-4,1.3058728994297386e-4,-1.1090753584075408e-5,KEEP
away,9,top,-6,0,0.006071540430118927,0.006446976985351904,-3.754365552329775e-4,KEEP
away,9,top,-6,1,0.0019493412703935897,0.0021409395907576734,-1.9159832036408364e-4,KEEP
away,9,top,-6,2,3.770490735907073e-4,4.1204173542175315e-4,-3.499266183104588e-5,KEEP
away,9,top,-5,0,0.01467668969350533,0.015504322277546279,-8.276325840409493e-4,KEEP
away,9,top,-5,1,0.005290449634806738,0.005783769492023305,-4.933198572165676e-4,KEEP
away,9,top,-5,2,0.0011897172042873994,0.001300247258291365,-1.1053005400396554e-4,KEEP
away,9,top,-4,0,0.03437528463765027,0.03610215294807351,-0.0017268683104232352,KEEP
away,9,top,-4,1,0.014066958063141288,0.015305261468974152,-0.0012383034058328635,KEEP
away,9,top,-4,2,0.0037437899174145306,0.004109788879569476,-3.659989621549453e-4,KEEP
away,9,top,-3,0,0.07733653222533587,0.08051652403311094,-0.003179991807775062,KEEP
away,9,top,-3,1,0.036371801885179855,0.03921327781375972,-0.002841475928579862,KEEP
away,9,top,-3,2,0.011720690380788601,0.012810185661682127,-0.0010894952808935265,KEEP
away,9,top,-2,0,0.1648232543790742,0.1680020361393092,-0.0031787817602350055,KEEP
away,9,top,-2,1,0.09087063815461205,0.09568004590004398,-0.004809407745431926,KEEP
away,9,top,-2,2,0.03672693233815061,0.03974595288259264,-0.0030190205444420304,KEEP
away,9,top,-1,0,0.3514726787556095,0.3099371842520787,0.04153549450353078,USE
away,9,top,-1,1,0.2199216245723481,0.19219836998462703,0.02772325458772107,USE
away,9,top,-1,2,0.10900982753183208,0.08377166629725019,0.02523816123458189,USE
away,9,top,0,0,0.6585685359780221,0.6107662737402021,0.047802262237820026,USE
away,9,top,0,1,0.55364247753742,0.5216534193479827,0.031989058189437314,USE
away,9,top,0,2,0.4622860280838115,0.4390250733198675,0.023260954763943964,USE
away,9,top,1,0,0.8813336850833406,0.8693604423991774,0.011973242684163221,USE
away,9,top,1,1,0.8517362537181588,0.8437570220806183,0.00797923163754044,USE
away,9,top,1,2,0.8263400379115966,0.820205834380106,0.006134203531490634,USE
away,9,top,2,0,0.9461367052407351,0.9404706723166097,0.005666032924125375,USE
away,9,top,2,1,0.9323000434748201,0.9285204975071455,0.0037795459676746024,USE
away,9,top,2,2,0.9204044914829411,0.9175067652170728,0.0028977262658683722,USE
away,9,top,3,0,0.9763726136196942,0.9737879514920454,0.0025846621276487403,USE
away,9,top,3,1,0.970134468949544,0.9684090221709318,0.001725446778612194,USE
away,9,top,3,2,0.9647616825705099,0.9634426804151555,0.0013190021553544096,USE
away,9,top,4,0,0.9899769299478351,0.9888416830879396,0.0011352468598955223,USE
away,9,top,4,1,0.9872666530281183,0.9865083774383245,7.582755897937998e-4,USE
away,9,top,4,2,0.984928652851756,0.9843509939439663,5.776589077897132e-4,USE
away,9,top,5,0,0.9958750867709921,0.9953958898499867,4.791969210053981e-4,USE
away,9,top,5,1,0.9947398812011973,0.994419678808225,3.202023929722575e-4,USE
away,9,top,5,2,0.9937594877816491,0.9935161353182067,2.4335246344242556e-4,USE
away,9,top,6,0,0.9983418250949218,0.9981452834290411,1.9654166588067845e-4,USE
away,9,top,6,1,0.9978790426610016,0.9977476720970218,1.3137056397982683e-4,USE
away,9,top,6,2,0.9974790161459084,0.9973793631726298,9.965297327862999e-5,USE
away,9,top,7,0,0.9993462152363722,0.9992674529537688,7.876228260339513e-5,USE
away,9,top,7,1,0.9991616482007861,0.9991089901707796,5.2658030006536016e-5,USE
away,9,top,7,2,0.9990020006581359,0.9989621165195817,3.98841385542692e-5,USE
away,9,top,8,0,0.9997463943615095,0.999715425631803,3.09687297064265e-5,USE
away,9,top,8,1,0.9996740815661815,0.9996533734836919,2.070808248966216e-5,USE
away,9,top,8,2,0.9996115058406176,0.999595840096059,1.566574455869052e-5,USE
away,9,top,9,0,0.9999030549420439,0.9998910719765355,1.1982965508416932e-5,USE
away,9,top,9,1,0.9998751007025034,0.9998670884575998,8.012244903654597e-6,USE
away,9,top,9,2,0.9998509136526754,0.9998448574126714,6.056240004048696e-6,USE
away,9,top,10,0,0.9999635733918242,0.9999590022570353,4.571134788911024e-6,USE
away,9,top,10,1,0.9999528196237546,0.9999497668791122,3.0527446424066795e-6,USE
away,9,top,10,2,0.9999435217965326,0.9999412147930857,2.3070034468331002e-6,USE
home,1,bottom,-10,0,0.019779114883782853,0.02263986712040914,-0.0028607522366262857,KEEP
home,1,bottom,-10,1,0.01453546067224066,0.017205586630026547,-0.002670125957785886,KEEP
home,1,bottom,-10,2,0.011138114204462294,0.013434994695688998,-0.0022968804912267046,KEEP
home,1,bottom,-9,0,0.031479184685286515,0.03564736302420468,-0.004168178338918166,KEEP
home,1,bottom,-9,1,0.023718867333263532,0.027752285990160032,-0.004033418656896499,KEEP
home,1,bottom,-9,2,0.018603165647461943,0.022173263681622903,-0.0035700980341609595,KEEP
home,1,bottom,-8,0,0.048832244155068844,0.0547067356914796,-0.005874491536410759,KEEP
home,1,bottom,-8,1,0.037647359250780776,0.04356145870014428,-0.005914099449363504,KEEP
home,1,bottom,-8,2,0.03013629278542112,0.03553194448638449,-0.005395651700963372,KEEP
home,1,bottom,-7,0,0.07390121662161017,0.08189200957099942,-0.007990792949389244,KEEP
home,1,bottom,-7,1,0.05827991622328996,0.06667731849714628,-0.008397402273856325,KEEP
home,1,bottom,-7,2,0.047586107063141654,0.05549479780623032,-0.007908690743088663,KEEP
home,1,bottom,-6,0,0.10899812716910323,0.11945041494989511,-0.01045228778079188,KEEP
home,1,bottom,-6,1,0.08795409680295577,0.09945952298947633,-0.011505426186520562,KEEP
home,1,bottom,-6,2,0.07326184172764147,0.0844635877025554,-0.011201745974913926,KEEP
home,1,bottom,-5,0,0.15639497927891427,0.16948011508657404,-0.01308513580765977,KEEP
home,1,bottom,-5,1,0.12918767918622295,0.14433012336571746,-0.015142444179494507,KEEP
home,1,bottom,-5,2,0.10980950961188743,0.12507071486889973,-0.0152612052570123,KEEP
home,1,bottom,-4,0,0.2178252283496574,0.23341422933465558,-0.015589000984998186,KEEP
home,1,bottom,-4,1,0.18426372310068037,0.20330073879921062,-0.019037015698530252,KEEP
home,1,bottom,-4,2,0.1598766412344278,0.17976108268825464,-0.01988444145382684,KEEP
home,1,bottom,-3,0,0.2937880908858932,0.3113467669110625,-0.017558676025169306,KEEP
home,1,bottom,-3,1,0.2545623822193566,0.2772693481768868,-0.02270696595753019,KEEP
home,1,bottom,-3,2,0.2254930501102599,0.2500928589594542,-0.0245998088491943,KEEP
home,1,bottom,-2,0,0.3827807085596683,0.4013472553416212,-0.01856654678195291,KEEP
home,1,bottom,-2,1,0.33969717028955143,0.36518287685576234,-0.02548570656621091,KEEP
home,1,bottom,-2,2,0.30716721280498155,0.3358006057635224,-0.028633392958540838,KEEP
home,1,bottom,-1,0,0.4807279013793191,0.4990595595861642,-0.018331658206845125,KEEP
home,1,bottom,-1,1,0.43665243732307035,0.46334199706668694,-0.026689559743616587,KEEP
home,1,bottom,-1,2,0.4028240474477241,0.433855309829926,-0.031031262382201885,KEEP
home,1,bottom,0,0,0.5811184940453916,0.5979401403621617,-0.016821646316770078,KEEP
home,1,bottom,0,1,0.5395159659122362,0.5652550296886885,-0.025739063776452298,KEEP
home,1,bottom,0,2,0.5071794094358033,0.5379341361183988,-0.03075472668259549,KEEP
home,1,bottom,1,0,0.6760309385812274,0.6904175074762804,-0.014386568895052965,KEEP
home,1,bottom,1,1,0.6396861345370116,0.6625446205831396,-0.022858486046127946,KEEP
home,1,bottom,1,2,0.6111743347413942,0.6390270901334464,-0.02785275539205223,KEEP
home,1,bottom,2,0,0.75904934839522,0.770647203657607,-0.011597855262386991,KEEP
home,1,bottom,2,1,0.7292584664730677,0.7482460331739471,-0.01898756670087942,KEEP
home,1,bottom,2,2,0.7057221105523633,0.7292063890117112,-0.023484278459347863,KEEP
home,1,bottom,3,0,0.827163272426408,0.8360458478589298,-0.0088825754325218,KEEP
home,1,bottom,3,1,0.8040433390334669,0.8189405986739153,-0.014897259640448413,KEEP
home,1,bottom,3,2,0.7856758096616729,0.8043172116472462,-0.01864140198557329,KEEP
home,1,bottom,4,0,0.8800660719260414,0.8865730572716931,-0.00650698534565175,KEEP
home,1,bottom,4,1,0.8629472107217757,0.8740779919377664,-0.011130781215990648,KEEP
home,1,bottom,4,2,0.8492868350861358,0.8633454943415055,-0.014058659255369754,KEEP
home,1,bottom,5,0,0.9192624152625344,0.923847679208864,-0.004585263946329632,KEEP
home,1,bottom,5,1,0.9070929308121966,0.9150656628438522,-0.007972732031655605,KEEP
home,1,bottom,5,2,0.8973473506949111,0.9074937461906296,-0.010146395495718497,KEEP
home,1,bottom,6,0,0.9471411144922958,0.9502646248135282,-0.003123510321232481,KEEP
home,1,bottom,6,1,0.9387909128304825,0.9442956099565165,-0.005504697126033964,KEEP
home,1,bottom,6,2,0.9320851621285503,0.9391339679161547,-0.007048805787604362,KEEP
home,1,bottom,7,0,0.9662784596991147,0.9683452652845707,-0.002066805585455911,KEEP
home,1,bottom,7,1,0.9607203611711904,0.964401566396119,-0.003681205224928541,KEEP
home,1,bottom,7,2,0.9562482804016699,0.9609849375815527,-0.004736657179882808,KEEP
home,1,bottom,8,0,0.979020510752738,0.9803565509346184,-0.0013360401818803824,KEEP
home,1,bottom,8,1,0.975410345707747,0.9778065022281076,-0.002396156520360626,KEEP
home,1,bottom,8,2,0.9725039094321819,0.9755966468683205,-0.0030927374361385818,KEEP
home,1,bottom,9,0,0.9872975850447914,0.9881484195116759,-8.50834466884498e-4,KEEP
home,1,bottom,9,1,0.984987705287139,0.9865161193046761,-0.0015284140175371164,KEEP
home,1,bottom,9,2,0.9831306880727451,0.9851036400132951,-0.0019729519405500273,KEEP
home,1,bottom,10,0,0.9925911799147638,0.993131458060762,-5.402781459982187e-4,KEEP
home,1,bottom,10,1,0.9911093125852166,0.9920771685125156,-9.678559272989773e-4,KEEP
home,1,bottom,10,2,0.9899199611094686,0.9911637348102492,-0.0012437737007806593,KEEP
home,2,bottom,-10,0,0.016369849123180423,0.01806893285169286,-0.0016990837285124384,KEEP
home,2,bottom,-10,1,0.011798235092860323,0.013344674743465415,-0.0015464396506050925,KEEP
home,2,bottom,-10,2,0.008795933304196563,0.010132741839508963,-0.0013368085353124004,KEEP
home,2,bottom,-9,0,0.026714968564592344,0.0292524346655707,-0.0025374661009783563,KEEP
home,2,bottom,-9,1,0.019747742567126192,0.02216327023852966,-0.002415527671403468,KEEP
home,2,bottom,-9,2,0.015082004433080031,0.01724393494376881,-0.002161930510688777,KEEP
home,2,bottom,-8,0,0.042526601545184416,0.046181314239203596,-0.00365471269401918,KEEP
home,2,bottom,-8,1,0.032198455099893844,0.03585429973377987,-0.0036558446338860254,KEEP
home,2,bottom,-8,2,0.025137279329579074,0.028531933360239743,-0.003394654030660669,KEEP
home,2,bottom,-7,0,0.06603696383192294,0.07110281680937944,-0.0050658529774565,KEEP
home,2,bottom,-7,1,0.051216471445209695,0.05656910027380051,-0.005352628828590812,KEEP
home,2,bottom,-7,2,0.04086368374007885,0.04603102098891895,-0.005167337248840102,KEEP
home,2,bottom,-6,0,0.09987969806040092,0.10660810944408115,-0.00672841138368023,KEEP
home,2,bottom,-6,1,0.07939221132185725,0.0869468363157513,-0.007554624993894046,KEEP
home,2,bottom,-6,2,0.0647603834481601,0.07235942896654256,-0.007599045518382461,KEEP
home,2,bottom,-5,0,0.14681340533302562,0.15532575594528403,-0.008512350612258412,KEEP
home,2,bottom,-5,1,0.11968035801804135,0.12990829868423215,-0.010227940666190802,KEEP
home,2,bottom,-5,2,0.09985852395869738,0.11060269401240899,-0.010744170053711616,KEEP
home,2,bottom,-4,0,0.20917130033473325,0.21935288622153576,-0.010181585886802513,KEEP
home,2,bottom,-4,1,0.1749758697415271,0.18817484806455265,-0.01319897832302555,KEEP
home,2,bottom,-4,2,0.14941464920588918,0.16392748939216126,-0.01451284018627208,KEEP
home,2,bottom,-3,0,0.288006664310117,0.2994171592946898,-0.011410494984572805,KEEP
home,2,bottom,-3,1,0.24733736617237337,0.26344336813536606,-0.016106001962992694,KEEP
home,2,bottom,-3,2,0.2162339263992723,0.2348080405619213,-0.018574114162649008,KEEP
home,2,bottom,-2,0,0.382040228215384,0.39389975914302966,-0.011859530927645634,KEEP
home,2,bottom,-2,1,0.33686855101848895,0.3552600444097529,-0.018391493391263947,KEEP
home,2,bottom,-2,2,0.3015541950113377,0.32382566445923233,-0.022271469447894654,KEEP
home,2,bottom,-1,0,0.48672110434764426,0.49809104466061127,-0.011369940312967008,KEEP
home,2,bottom,-1,1,0.4404313440697375,0.4598970607607695,-0.01946571669103203,KEEP
home,2,bottom,-1,2,0.4035398191177132,0.4282481282783955,-0.024708309160682285,KEEP
home,2,bottom,0,0,0.5941234682684308,0.6041667194074045,-0.010043251138973752,KEEP
home,2,bottom,0,1,0.5510484748680409,0.5697108472827023,-0.0186623724146614,KEEP
home,2,bottom,0,2,0.5162331528342079,0.5407717782886488,-0.024538625454440854,KEEP
home,2,bottom,1,0,0.6941178346590813,0.702337005293533,-0.008219170634451767,KEEP
home,2,bottom,1,1,0.6575278380002412,0.6737071506369418,-0.016179312636700582,KEEP
home,2,bottom,1,2,0.6276721456176507,0.6494325245854623,-0.021760378967811578,KEEP
home,2,bottom,2,0,0.7790832862741454,0.785415742741086,-0.006332456466940695,KEEP
home,2,bottom,2,1,0.7500624295920768,0.7631037219990164,-0.01304129240693963,KEEP
home,2,bottom,2,2,0.7262140477563178,0.744048880703705,-0.01783483294738719,KEEP
home,2,bottom,3,0,0.8464828688339102,0.8511167755202332,-0.004633906686323019,KEEP
home,2,bottom,3,1,0.8247514032906882,0.8346444297685782,-0.009893026477890032,KEEP
home,2,bottom,3,2,0.806795309491025,0.8204972755967029,-0.013701966105677976,KEEP
home,2,bottom,4,0,0.8969569950655658,0.900201561068347,-0.003244566002781224,KEEP
home,2,bottom,4,1,0.881454187471168,0.888587140776979,-0.007132953305810985,KEEP
home,2,bottom,4,2,0.8685891882741527,0.878567203213128,-0.009978014938975321,KEEP
home,2,bottom,5,0,0.9329652604274826,0.9351519317526881,-0.002186671325205447,KEEP
home,2,bottom,5,1,0.922355056128849,0.9272801892420608,-0.004925133113211744,KEEP
home,2,bottom,5,2,0.9135196555293225,0.9204645083904054,-0.0069448528610829285,KEEP
home,2,bottom,6,0,0.9576093587746503,0.9590350253102933,-0.001425666535643022,KEEP
home,2,bottom,6,1,0.9506024779333703,0.953878758768409,-0.003276280835038725,KEEP
home,2,bottom,6,2,0.9447517243034184,0.9494016501029222,-0.004649925799503851,KEEP
home,2,bottom,7,0,0.973883404424494,0.9747868977384987,-9.034933140047441e-4,KEEP
home,2,bottom,7,1,0.9693954187410584,0.9715056519380018,-0.0021102331969433674,KEEP
home,2,bottom,7,2,0.9656407631259298,0.9686512896164942,-0.0030105264905643248,KEEP
home,2,bottom,8,0,0.9843059875967303,0.9848655679003591,-5.595803036287927e-4,KEEP
home,2,bottom,8,1,0.9815016791632378,0.9828239016572902,-0.0013222224940523386,KEEP
home,2,bottom,8,2,0.979153962011604,0.9810471269390768,-0.0018931649274728235,KEEP
home,2,bottom,9,0,0.9908168590157045,0.991158210804268,-3.4135178856353754e-4,KEEP
home,2,bottom,9,1,0.9890918460205734,0.9899025148127791,-8.106687922057043e-4,KEEP
home,2,bottom,9,2,0.9876492862489045,0.9888112669294666,-0.001161980680562169,KEEP
home,2,bottom,10,0,0.9948193879654977,0.9950264500343652,-2.0706206886744738e-4,KEEP
home,2,bottom,10,1,0.9937566905724606,0.9942481521221991,-4.914615497384478e-4,KEEP
home,2,bottom,10,2,0.9928689699300246,0.9935715062860208,-7.025363559961528e-4,KEEP
home,3,bottom,-10,0,0.012540620338023185,0.013843844107976745,-0.0013032237699535602,KEEP
home,3,bottom,-10,1,0.008647650928529843,0.00986654207694106,-0.001218891148411217,KEEP
home,3,bottom,-10,2,0.00619154707100777,0.007230566177913563,-0.0010390191069057928,KEEP
home,3,bottom,-9,0,0.021133102983902724,0.023143222373940394,-0.00201011939003767,KEEP
home,3,bottom,-9,1,0.014976292977289649,0.016951176090167535,-0.001974883112877886,KEEP
home,3,bottom,-9,2,0.01100355207480053,0.012751944725860241,-0.001748392651059711,KEEP
home,3,bottom,-8,0,0.034759399046438294,0.03774843994097079,-0.002989040894532495,KEEP
home,3,bottom,-8,1,0.02529360511367123,0.028396035478524186,-0.0031024303648529566,KEEP
home,3,bottom,-8,2,0.01903858430894646,0.021898160405633416,-0.002859576096686956,KEEP
home,3,bottom,-7,0,0.05576901996383759,0.060041304887971526,-0.004272284924133937,KEEP
home,3,bottom,-7,1,0.04168806847419302,0.04640348431605251,-0.004715415841859492,KEEP
home,3,bottom,-7,2,0.03214958834287128,0.03668640721508863,-0.004536818872217352,KEEP
home,3,bottom,-6,0,0.08711426132510938,0.09295257014000913,-0.005838308814899745,KEEP
home,3,bottom,-6,1,0.06694933335334619,0.07385585590577565,-0.0069065225524294616,KEEP
home,3,bottom,-6,2,0.05293342187891127,0.05988937420503989,-0.0069559523261286185,KEEP
home,3,bottom,-5,0,0.13213746359565498,0.13970963686486093,-0.007572173269205951,KEEP
home,3,bottom,-5,1,0.10450440009288137,0.11419930283826439,-0.009694902745383024,KEEP
home,3,bottom,-5,2,0.08477968566411763,0.09503305139112506,-0.010253365727007427,KEEP
home,3,bottom,-4,0,0.1940191274615211,0.20325054107189047,-0.00923141361036936,KEEP
home,3,bottom,-4,1,0.15805997394362709,0.17100927674028635,-0.012949302796659262,KEEP
home,3,bottom,-4,2,0.13168001691420347,0.14611035555345084,-0.014430338639247364,KEEP
home,3,bottom,-3,0,0.2747757937925466,0.28522287126563123,-0.010447077473084654,KEEP
home,3,bottom,-3,1,0.2307780373629525,0.24708125113362528,-0.016303213770672786,KEEP
home,3,bottom,-3,2,0.19759200582721576,0.21680402587715547,-0.019212020049939715,KEEP
home,3,bottom,-2,0,0.373837723009941,0.3846332946270296,-0.010795571617088606,KEEP
home,3,bottom,-2,1,0.32388666003215355,0.3429758812756682,-0.019089221243514642,KEEP
home,3,bottom,-2,2,0.28516610169351325,0.30903443453989693,-0.023868332846383677,KEEP
home,3,bottom,-1,0,0.48647857787445553,0.49659256891666803,-0.0101139910422125,KEEP
home,3,bottom,-1,1,0.4347182274803399,0.4553141142278453,-0.0205958867475054,KEEP
home,3,bottom,-1,2,0.3936166198391973,0.42094479116860667,-0.027328171329409345,KEEP
home,3,bottom,0,0,0.6031160479623512,0.6117385800129884,-0.008622532050637233,KEEP
home,3,bottom,0,1,0.5555829659346354,0.5752134800574499,-0.01963051412281447,KEEP
home,3,bottom,0,2,0.5172196606072968,0.5443542014237377,-0.027134540816440844,KEEP
home,3,bottom,1,0,0.7100609049626903,0.716806315608319,-0.006745410645628724,KEEP
home,3,bottom,1,1,0.6710681794881072,0.6875131121876783,-0.016444932699571146,KEEP
home,3,bottom,1,2,0.6392928447063093,0.6625339155816545,-0.023241070875345216,KEEP
home,3,bottom,2,0,0.7977152524814198,0.8026760718232328,-0.0049608193418129165,KEEP
home,3,bottom,2,1,0.7679697057617915,0.780722084262964,-0.012752378501172501,KEEP
home,3,bottom,2,2,0.7435574476645561,0.761871254792357,-0.01831380712780084,KEEP
home,3,bottom,3,0,0.8645309648790925,0.8679937660419628,-0.0034628011628702327,KEEP
home,3,bottom,3,1,0.8431637062583806,0.8524428526641986,-0.009279146405818062,KEEP
home,3,bottom,3,2,0.8255333086022314,0.8390189241679563,-0.013485615565724918,KEEP
home,3,bottom,4,0,0.912495771886072,0.9148086374599618,-0.0023128655738897663,KEEP
home,3,bottom,4,1,0.89789105904668,0.9042998567182362,-0.006408797671556221,KEEP
home,3,bottom,4,2,0.8857899248893313,0.8951902689665795,-0.009400344077248213,KEEP
home,3,bottom,5,0,0.945261765938897,0.946749275766915,-0.001487509828018041,KEEP
home,3,bottom,5,1,0.935689380549303,0.9399261184437002,-0.004236737894397269,KEEP
home,3,bottom,5,2,0.9277313750673077,0.9339915090225277,-0.00626013395521996,KEEP
home,3,bottom,6,0,0.9667271099950296,0.9676531222549889,-9.260122599592524e-4,KEEP
home,3,bottom,6,1,0.960673828802188,0.9633721024018542,-0.0026982735996662344,KEEP
home,3,bottom,6,2,0.9556280843306233,0.9596387289255024,-0.004010644594879098,KEEP
home,3,bottom,7,0,0.9802951564750758,0.9808558389016467,-5.606824265709243e-4,KEEP
home,3,bottom,7,1,0.9765826240765406,0.9782468508100367,-0.001664226733496088,KEEP
home,3,bottom,7,2,0.9734820898636416,0.9759674981335875,-0.0024854082699459212,KEEP
home,3,bottom,8,0,0.9886130500402626,0.9889449342955837,-3.318842553211576e-4,KEEP
home,3,bottom,8,1,0.9863925170131521,0.9873911539175162,-9.986369043640808e-4,KEEP
home,3,bottom,8,2,0.9845365221971174,0.9860329885676171,-0.001496466370499716,KEEP
home,3,bottom,9,0,0.9935858306145327,0.9937793083049867,-1.9347769045408025e-4,KEEP
home,3,bottom,9,1,0.9922796833221298,0.9928658664783607,-5.86183156230935e-4,KEEP
home,3,bottom,9,2,0.9911889951578009,0.9920684578886276,-8.7946273082673e-4,KEEP
home,3,bottom,10,0,0.9965089833276448,0.9966210644642958,-1.1208113665095443e-4,KEEP
home,3,bottom,10,1,0.9957408831168009,0.9960807110958728,-3.398279790719494e-4,KEEP
home,3,bottom,10,2,0.995100444032095,0.9956091523259393,-5.087082938443066e-4,KEEP
home,4,bottom,-10,0,0.009160457243529667,0.010059311726384136,-8.988544828544692e-4,KEEP
home,4,bottom,-10,1,0.006106927075001829,0.0068506889986779,-7.437619236760704e-4,KEEP
home,4,bottom,-10,2,0.004205964904260533,0.00479303730201677,-5.870723977562369e-4,KEEP
home,4,bottom,-9,0,0.016019869474279247,0.017457728398043725,-0.0014378589237644783,KEEP
home,4,bottom,-9,1,0.010989311434150125,0.012246105197061374,-0.001256793762911249,KEEP
home,4,bottom,-9,2,0.00777805580480631,0.008815789086741051,-0.001037733281934741,KEEP
home,4,bottom,-8,0,0.02736276494905692,0.02957856399317444,-0.0022157990441175196,KEEP
home,4,bottom,-8,1,0.01930923697229539,0.021368358968593484,-0.002059121996298093,KEEP
home,4,bottom,-8,2,0.014030598016666413,0.01581417455622398,-0.0017835765395575673,KEEP
home,4,bottom,-7,0,0.04559453718219873,0.04887106387715331,-0.003276526694954575,KEEP
home,4,bottom,-7,1,0.03312346544976915,0.036387438541957556,-0.003263973092188406,KEEP
home,4,bottom,-7,2,0.024720442175135457,0.027696576776406856,-0.002976134601271399,KEEP
home,4,bottom,-6,0,0.07394673219506726,0.07856488276501987,-0.004618150569952614,KEEP
home,4,bottom,-6,1,0.05536468485891937,0.06034898131572404,-0.00498429645680467,KEEP
home,4,bottom,-6,2,0.042477839743092716,0.04728153004912188,-0.004803690306029167,KEEP
home,4,bottom,-5,0,0.11638087870062683,0.12252699793581406,-0.006146119235187236,KEEP
home,4,bottom,-5,1,0.08991336561093628,0.0972024489079024,-0.00728908329696612,KEEP
home,4,bottom,-5,2,0.07099721286262754,0.07845795668920515,-0.007460743826577604,KEEP
home,4,bottom,-4,0,0.17710449116507396,0.18472636514677332,-0.007621873981699362,KEEP
home,4,bottom,-4,1,0.14137443037739883,0.15150076895441833,-0.0101263385770195,KEEP
home,4,bottom,-4,2,0.11502536011952331,0.1260953480099894,-0.01106998789046608,KEEP
home,4,bottom,-3,0,0.259470742016739,0.26810995278192995,-0.008639210765190974,KEEP
home,4,bottom,-3,1,0.21428341455147346,0.2275013249681983,-0.013217910416724848,KEEP
home,4,bottom,-3,2,0.17986308683763869,0.19540175062041723,-0.015538663782778545,KEEP
home,4,bottom,-2,0,0.36414090655647485,0.37280640958135824,-0.008665503024883392,KEEP
home,4,bottom,-2,1,0.31148044130063046,0.32739483406632647,-0.015914392765696006,KEEP
home,4,bottom,-2,2,0.27003476625215295,0.2903290556324436,-0.020294289380290653,KEEP
home,4,bottom,-1,0,0.48660159846976736,0.4941744862387631,-0.007572887768995729,KEEP
home,4,bottom,-1,1,0.43126314558133544,0.448919597283908,-0.017656451702572573,KEEP
home,4,bottom,-1,2,0.38643957881229796,0.4110017969854441,-0.024562218173146133,KEEP
home,4,bottom,0,0,0.6152257884716775,0.6211953192091246,-0.005969530737447104,KEEP
home,4,bottom,0,1,0.5655071029432905,0.5822212318091573,-0.016714128865866762,KEEP
home,4,bottom,0,2,0.524532780465274,0.5490466528767921,-0.024513872411518145,KEEP
home,4,bottom,1,0,0.7305155886342244,0.7348440226804647,-0.0043284340462402815,KEEP
home,4,bottom,1,1,0.6918449788413247,0.705123935876819,-0.01327895703549431,KEEP
home,4,bottom,1,2,0.6597069788264293,0.6796117268872783,-0.019904748060849076,KEEP
home,4,bottom,2,0,0.8201212950571245,0.823083730580298,-0.0029624355231735455,KEEP
home,4,bottom,2,1,0.7921204383184123,0.8019041179814037,-0.009783679662991429,KEEP
home,4,bottom,2,2,0.7687031948892317,0.7836067920972124,-0.014903597207980734,KEEP
home,4,bottom,3,0,0.8849556359626783,0.8868860465566505,-0.0019304105939721428,KEEP
home,4,bottom,3,1,0.8658804191098811,0.8726357471116766,-0.0067553280017954576,KEEP
home,4,bottom,3,2,0.8498528051550829,0.8602650609690986,-0.010412255814015725,KEEP
home,4,bottom,4,0,0.9290956921051877,0.9303027557006355,-0.0012070635954477549,KEEP
home,4,bottom,4,1,0.9167304642680706,0.9211571449095158,-0.004426680641445246,KEEP
home,4,bottom,4,2,0.9063029435254198,0.9131876694528044,-0.0068847259273845385,KEEP
home,4,bottom,5,0,0.957693499161482,0.9584221438524319,-7.286446909497979e-4,KEEP
home,4,bottom,5,1,0.9500038522761247,0.9527812341289394,-0.002777381852814731,KEEP
home,4,bottom,5,2,0.9435004610349262,0.9478508267504238,-0.004350365715497517,KEEP
home,4,bottom,6,0,0.9754695281709788,0.9758962728085884,-4.267446376096107e-4,KEEP
home,4,bottom,6,1,0.9708527707015998,0.9725326058578594,-0.0016798351562595792,KEEP
home,4,bottom,6,2,0.9669392402015164,0.9695855372185034,-0.0026462970169869315,KEEP
home,4,bottom,7,0,0.9861375446968994,0.9863812885963231,-2.4374389942372066e-4,KEEP
home,4,bottom,7,1,0.9834476124729721,0.9844324085407874,-9.84796067815319e-4,KEEP
home,4,bottom,7,2,0.9811635493333513,0.9827219963742582,-0.0015584470409069073,KEEP
home,4,bottom,8,0,0.9923507007247145,0.9924870735763477,-1.363728516331486e-4,KEEP
home,4,bottom,8,1,0.9908217990180266,0.9913837716080931,-5.619725900665173e-4,KEEP
home,4,bottom,8,2,0.9895225697662842,0.9904148995150581,-8.923297487739568e-4,KEEP
home,4,bottom,9,0,0.9958805018996061,0.9959557656184767,-7.526371887056627e-5,KEEP
home,4,bottom,9,1,0.9950262428982687,0.9953398545639853,-3.136116657166399e-4,KEEP
home,4,bottom,9,2,0.9943008442142084,0.9947996058950459,-4.987616808375117e-4,KEEP
home,4,bottom,10,0,0.9978513847153138,0.997892634305292,-4.1249589978198387e-5,KEEP
home,4,bottom,10,1,0.9973748297052057,0.9975472470734511,-1.7241736824535892e-4,KEEP
home,4,bottom,10,2,0.9969706586096775,0.9972445742382281,-2.739156285506139e-4,KEEP
home,5,bottom,-10,0,0.006281698461618819,0.006807307788796331,-5.256093271775114e-4,KEEP
home,5,bottom,-10,1,0.003927218693813126,0.004365847089657797,-4.3862839584467034e-4,KEEP
home,5,bottom,-10,2,0.002543630373539606,0.002867811988879669,-3.2418161534006297e-4,KEEP
home,5,bottom,-9,0,0.011473633998494366,0.012348986079203662,-8.753520807092963e-4,KEEP
home,5,bottom,-9,1,0.007403252222066549,0.008181683927250227,-7.784317051836775e-4,KEEP
home,5,bottom,-9,2,0.004941009967053138,0.005547247418980809,-6.062374519276714e-4,KEEP
home,5,bottom,-8,0,0.020483857101188052,0.021885844316768887,-0.0014019872155808348,KEEP
home,5,bottom,-8,1,0.013645187502666594,0.014985606885367224,-0.0013404193827006305,KEEP
home,5,bottom,-8,2,0.00938019259506779,0.010484136538090886,-0.0011039439430230967,KEEP
home,5,bottom,-7,0,0.035684784308306496,0.037832544297951354,-0.002147759989644858,KEEP
home,5,bottom,-7,1,0.02456895416300194,0.02680295847459566,-0.002234004311593721,KEEP
home,5,bottom,-7,2,0.01741083916262225,0.01936554451236281,-0.0019547053497405605,KEEP
home,5,bottom,-6,0,0.06050331501293237,0.06362219648443754,-0.003118881471505165,KEEP
home,5,bottom,-6,1,0.04311716690576921,0.046704419518582625,-0.003587252612813417,KEEP
home,5,bottom,-6,2,0.03153767169029184,0.03489112838164872,-0.003353456691356879,KEEP
home,5,bottom,-5,0,0.09950777249074917,0.10374332415697118,-0.004235551666222012,KEEP
home,5,bottom,-5,1,0.0735220619093227,0.07903664395914678,-0.005514582049824079,KEEP
home,5,bottom,-5,2,0.05558888629362911,0.06113481084297395,-0.005545924549344841,KEEP
home,5,bottom,-4,0,0.15810230077012832,0.16336767024895438,-0.005265369478826054,KEEP
home,5,bottom,-4,1,0.12133667292695742,0.12938036666843347,-0.008043693741476052,KEEP
home,5,bottom,-4,2,0.09499107250713007,0.10376989778320019,-0.008778825276070115,KEEP
home,5,bottom,-3,0,0.2414511227489058,0.2472156262558288,-0.005764503506923008,KEEP
home,5,bottom,-3,1,0.19285568371568687,0.2038448325034102,-0.010989148787723335,KEEP
home,5,bottom,-3,2,0.1566182363165886,0.16979118592632259,-0.013172949609733975,KEEP
home,5,bottom,-2,0,0.3522590657310477,0.35728457793968565,-0.00502551220863795,KEEP
home,5,bottom,-2,1,0.2934506165242107,0.30710330761094135,-0.013652691086730673,KEEP
home,5,bottom,-2,2,0.24772848967999833,0.2660648312475587,-0.018336341567560366,KEEP
home,5,bottom,-1,0,0.4871425348033637,0.4900948770203995,-0.002952342217035775,KEEP
home,5,bottom,-1,1,0.4236387807226453,0.4394908250246073,-0.015852044301961965,KEEP
home,5,bottom,-1,2,0.37241807551276873,0.39673570677347997,-0.024317631260711237,KEEP
home,5,bottom,0,0,0.6319870473095668,0.6334004836073355,-0.0014134362977686887,KEEP
home,5,bottom,0,1,0.5765556660940753,0.591490025613313,-0.014934359519237717,KEEP
home,5,bottom,0,2,0.5309877874151755,0.5554756069995748,-0.024487819584399273,KEEP
home,5,bottom,1,0,0.7573260770460319,0.7580789463487165,-7.52869302684589e-4,KEEP
home,5,bottom,1,1,0.7175592989730563,0.72845073696724,-0.010891437994183795,KEEP
home,5,bottom,1,2,0.6846600719819154,0.7028210631938142,-0.018160991211898847,KEEP
home,5,bottom,2,0,0.8471152617318574,0.8474699468013914,-3.546850695340664e-4,KEEP
home,5,bottom,2,1,0.8202047706705331,0.8277021886996452,-0.0074974180291120796,KEEP
home,5,bottom,2,2,0.7978211376677041,0.810506929026259,-0.012685791358554854,KEEP
home,5,bottom,3,0,0.907767594037382,0.907919573455425,-1.5197941804290238e-4,KEEP
home,5,bottom,3,1,0.8906106297704636,0.8954541133355234,-0.004843483565059814,KEEP
home,5,bottom,3,2,0.8762822849730868,0.8845652123288208,-0.008282927355733993,KEEP
home,5,bottom,4,0,0.9463815642774701,0.9464386948741428,-5.713059667267206e-5,KEEP
home,5,bottom,4,1,0.935958142898356,0.9389320341000831,-0.0029738912017270858,KEEP
home,5,bottom,4,2,0.9272260135808721,0.9323531784931364,-0.0051271649122642815,KEEP
home,5,bottom,5,0,0.9698129928788615,0.9698299261304334,-1.693325157192671e-5,KEEP
home,5,bottom,5,1,0.9637298713917761,0.9654804419376247,-0.0017505705458485954,KEEP
home,5,bottom,5,2,0.9586211788633704,0.9616585504262991,-0.0030373715629287146,KEEP
home,5,bottom,6,0,0.9834740716531225,0.9834760360406474,-1.9643875248664955e-6,KEEP
home,5,bottom,6,1,0.980041907482136,0.9810366570510067,-9.947495688706898e-4,KEEP
home,5,bottom,6,2,0.9771538195313233,0.9788886943255715,-0.0017348747942481646,KEEP
home,5,bottom,7,0,0.9911752516007528,0.9911728821343067,2.369466446161539e-6,USE
home,5,bottom,7,1,0.9892937469523376,0.9898422054870293,-5.484585346916537e-4,KEEP
home,5,bottom,7,2,0.9877081451723673,0.9886687082368156,-9.605630644483609e-4,KEEP
home,5,bottom,8,0,0.9953938311799596,0.9953910789624489,2.7522175106708957e-6,USE
home,5,bottom,8,1,0.9943868750954008,0.994681501139914,-2.946260445132465e-4,KEEP
home,5,bottom,8,2,0.9935376459156543,0.9940553602839093,-5.177143682549845e-4,KEEP
home,5,bottom,9,0,0.9976499334125142,0.9976479354943559,1.997918158247458e-6,USE
home,5,bottom,9,1,0.997120227797398,0.9972750554340486,-1.5482763665064514e-4,KEEP
home,5,bottom,9,2,0.9966737462104911,0.9969463700936958,-2.7262388320470343e-4,KEEP
home,5,bottom,10,0,0.9988358154582867,0.9988344444262042,1.3710320825310873e-6,USE
home,5,bottom,10,1,0.9985580104890669,0.9986380128769283,-8.00023878614331e-5,KEEP
home,5,bottom,10,2,0.9983241324726437,0.9984650982748173,-1.4096580217359822e-4,KEEP
home,6,bottom,-10,0,0.0038639100651867834,0.004166955841716913,-0.00030304577653012975,KEEP
home,6,bottom,-10,1,0.0022368238264489746,0.002458680905982895,-2.2185707953392047e-4,KEEP
home,6,bottom,-10,2,0.001330638951503728,0.0014741326974766263,-1.4349374597289843e-4,KEEP
home,6,bottom,-9,0,0.007443387959313721,0.007975761628706292,-5.323736693925709e-4,KEEP
home,6,bottom,-9,1,0.004463651788162725,0.004881193438880251,-4.175416507175263e-4,KEEP
home,6,bottom,-9,2,0.002746929048203439,0.0030343296096390694,-2.8740056143563035e-4,KEEP
home,6,bottom,-8,0,0.014028168459600115,0.01492715206138301,-8.989836017828951e-4,KEEP
home,6,bottom,-8,1,0.008721922897813891,0.009485174197475474,-7.632512996615833e-4,KEEP
home,6,bottom,-8,2,0.005553768591606158,0.006115474476170566,-5.617058845644078e-4,KEEP
home,6,bottom,-7,0,0.025812509612308694,0.02726128453342693,-0.0014487749211182371,KEEP
home,6,bottom,-7,1,0.016664444063705933,0.018015694122933672,-0.001351250059227739,KEEP
home,6,bottom,-7,2,0.010993071365753244,0.012063052204408042,-0.0010699808386547983,KEEP
home,6,bottom,-6,0,0.04624064364541248,0.04844311045428517,-0.002202466808872691,KEEP
home,6,bottom,-6,1,0.031055312200453537,0.03336088001010759,-0.0023055678096540536,KEEP
home,6,bottom,-6,2,0.021258114986477672,0.023238273132957992,-0.00198015814648032,KEEP
home,6,bottom,-5,0,0.08035706195197678,0.0834569120845595,-0.003099850132582724,KEEP
home,6,bottom,-5,1,0.056262339726605604,0.06002797627284315,-0.003765636546237544,KEEP
home,6,bottom,-5,2,0.040040861111722,0.04358542792260925,-0.003544566810887252,KEEP
home,6,bottom,-4,0,0.1348560613782247,0.13876190098013058,-0.0039058396019058805,KEEP
home,6,bottom,-4,1,0.0986800201753884,0.10450800197341853,-0.005827981798030124,KEEP
home,6,bottom,-4,2,0.07318052170305035,0.07927920813534091,-0.0060986864322905565,KEEP
home,6,bottom,-3,0,0.2173045937530821,0.2213766695801484,-0.004072075827066313,KEEP
home,6,bottom,-3,1,0.16665511626788765,0.17505637072524574,-0.008401254457358093,KEEP
home,6,bottom,-3,2,0.1291237721257457,0.13911996054515616,-0.009996188419410468,KEEP
home,6,bottom,-2,0,0.33381207557567844,0.33620401776532155,-0.0023919421896431148,KEEP
home,6,bottom,-2,1,0.26925282906129555,0.27989481089172497,-0.010641981830429414,KEEP
home,6,bottom,-2,2,0.21871440188493266,0.23381676029094917,-0.015102358406016508,KEEP
home,6,bottom,-1,0,0.48437230785195223,0.48240927984991966,0.001963028002032574,USE
home,6,bottom,-1,1,0.41140662200684225,0.42422469907224486,-0.012818077065402611,KEEP
home,6,bottom,-1,2,0.35145573007311787,0.3745666643829724,-0.02311093430985456,KEEP
home,6,bottom,0,0,0.6527193083573429,0.6490306079564699,0.0036887004008729907,USE
home,6,bottom,0,1,0.5917024090942926,0.603436955423957,-0.01173454632966442,KEEP
home,6,bottom,0,2,0.5405087411518074,0.5638014228913398,-0.023292681739532473,KEEP
home,6,bottom,1,0,0.7911494979641338,0.788723482575915,0.0024260153882188495,USE
home,6,bottom,1,1,0.7528273246789641,0.7601891832732435,-0.007361858594279402,KEEP
home,6,bottom,1,2,0.7205907121191473,0.7353057030229554,-0.014714990903808123,KEEP
home,6,bottom,2,0,0.8781291607979171,0.8764845216390769,0.0016446391588402776,USE
home,6,bottom,2,1,0.8544309276662346,0.8590323898997146,-0.004601462233480014,KEEP
home,6,bottom,2,2,0.8344108011354274,0.8437447776417768,-0.009333976506349373,KEEP
home,6,bottom,3,0,0.9318134867148219,0.9307851364138692,0.0010283503009527184,USE
home,6,bottom,3,1,0.9179383743889542,0.9206554199400825,-0.002717045551128283,KEEP
home,6,bottom,3,2,0.9061786534394557,0.9117513776264744,-0.005572724187018707,KEEP
home,6,bottom,4,0,0.9631961733602965,0.9625913811373593,6.047922229371894e-4,USE
home,6,bottom,4,1,0.955429336559402,0.956960928796426,-0.0015315922370240376,KEEP
home,6,bottom,4,2,0.9488298622707829,0.9519982529961337,-0.0031683907253508004,KEEP
home,6,bottom,5,0,0.9807401463746039,0.9804015891121467,3.385572624572397e-4,USE
home,6,bottom,5,1,0.9765537783041509,0.9773840057156387,-8.302274114877495e-4,KEEP
home,6,bottom,5,2,0.9729894573627325,0.9747185295542469,-0.0017290721915144136,KEEP
home,6,bottom,6,0,0.9901862785524864,0.9900040293199105,1.8224923257592618e-4,USE
home,6,bottom,6,1,0.9879996997154177,0.988435384760554,-4.356850451363581e-4,KEEP
home,6,bottom,6,2,0.9861349959124037,0.9870473463983365,-9.123504859327447e-4,KEEP
home,6,bottom,7,0,0.9951155660183838,0.9950205979572935,9.496806109032807e-5,USE
home,6,bottom,7,1,0.9940036939959966,0.9942260889147065,-2.2239491870990058e-4,KEEP
home,6,bottom,7,2,0.9930543075573771,0.9935221241421621,-4.67816584785008e-4,KEEP
home,6,bottom,8,0,0.9976200866217305,0.9975719566725277,4.81299492027798e-5,USE
home,6,bottom,8,1,0.9970673111224834,0.9971781453883379,-1.1083426585456468e-4,KEEP
home,6,bottom,8,2,0.9965949915334584,0.9968289978577329,-2.3400632427450496e-4,KEEP
home,6,bottom,9,0,0.9988642940178079,0.9988404776473583,2.3816370449569746e-5,USE
home,6,bottom,9,1,0.998594045249177,0.9986481540985814,-5.4108849404377324e-5,KEEP
home,6,bottom,9,2,0.9983632212061223,0.9984777756768698,-1.1455447074748548e-4,KEEP
home,6,bottom,10,0,0.9994720983166651,0.9994604482591098,1.1650057555212534e-5,USE
home,6,bottom,10,1,0.9993405309031782,0.9993664857095195,-2.5954806341266234e-5,KEEP
home,6,bottom,10,2,0.9992282788981673,0.999283358018457,-5.507912028968054e-5,KEEP
home,7,bottom,-10,0,0.0020450382099807215,0.002190416235110405,-1.4537802512968332e-4,KEEP
home,7,bottom,-10,1,0.0010481250712890023,0.0011398335253598008,-9.170845407079856e-5,KEEP
home,7,bottom,-10,2,5.450555767193757e-4,5.903238574296738e-4,-4.5268280710298106e-5,KEEP
home,7,bottom,-9,0,0.004211523995307542,0.004485338431947817,-2.73814436640275e-4,KEEP
home,7,bottom,-9,1,0.002249814295500081,0.0024357038957009123,-1.8588960020083116e-4,KEEP
home,7,bottom,-9,2,0.0012184138649771867,0.0013173455117413393,-9.893164676415267e-5,KEEP
home,7,bottom,-8,0,0.008495363235346722,0.008991100082780291,-4.957368474335696e-4,KEEP
home,7,bottom,-8,1,0.004737235242302209,0.005103701805369546,-3.6646656306733687e-4,KEEP
home,7,bottom,-8,2,0.002674073183015241,0.0028856683485227537,-2.1159516550751283e-4,KEEP
home,7,bottom,-7,0,0.016746986889193606,0.017602119262155734,-8.55132372962128e-4,KEEP
home,7,bottom,-7,1,0.009767425822448531,0.010467722168915655,-7.002963464671236e-4,KEEP
home,7,bottom,-7,2,0.005756394906288409,0.0061988315596435166,-4.424366533551079e-4,KEEP
home,7,bottom,-6,0,0.03216711154797565,0.033552556669565706,-0.0013854451215900565,KEEP
home,7,bottom,-6,1,0.019669199255450215,0.02095981658818831,-0.0012906173327380949,KEEP
home,7,bottom,-6,2,0.012127381344768906,0.013029581041779922,-9.02199697011016e-4,KEEP
home,7,bottom,-5,0,0.05997572015273697,0.062032692086698704,-0.002056971933961732,KEEP
home,7,bottom,-5,1,0.038556919355911864,0.04083514202345015,-0.002278222667538285,KEEP
home,7,bottom,-5,2,0.024931067148031442,0.026720050520229223,-0.0017889833721977805,KEEP
home,7,bottom,-4,0,0.10802313927503165,0.11069035789012141,-0.002667218615089756,KEEP
home,7,bottom,-4,1,0.07326365182840829,0.07707690191625395,-0.0038132500878456654,KEEP
home,7,bottom,-4,2,0.04982720535939319,0.05326319301251173,-0.00343598765311854,KEEP
home,7,bottom,-3,0,0.1867599574533291,0.189331440653206,-0.002571483199876906,KEEP
home,7,bottom,-3,1,0.13417714973458172,0.14007540179846295,-0.005898252063881226,KEEP
home,7,bottom,-3,2,0.09633141414396199,0.10265266171869862,-0.006321247574736635,KEEP
home,7,bottom,-2,0,0.30745648081840987,0.3069735431679957,4.8293765041418357e-4,USE
home,7,bottom,-2,1,0.23536032370035156,0.2426749463207068,-0.007314622620355232,KEEP
home,7,bottom,-2,2,0.1793872038446778,0.1899158871033738,-0.010528683258695992,KEEP
home,7,bottom,-1,0,0.47833364258953226,0.4666230013236113,0.011710641265920974,USE
home,7,bottom,-1,1,0.39015417333574187,0.3967734389152354,-0.0066192655794935495,KEEP
home,7,bottom,-1,2,0.3172190737487615,0.3362338458846067,-0.01901477213584518,KEEP
home,7,bottom,0,0,0.6824620165388398,0.6690851485956497,0.01337686794319004,USE
home,7,bottom,0,1,0.6131298775015952,0.6185740913662812,-0.005444213864685965,KEEP
home,7,bottom,0,2,0.5545386986610924,0.5739802162838313,-0.019441517622738935,KEEP
home,7,bottom,1,0,0.83746404599501,0.8311969684730718,0.006267077521938225,USE
home,7,bottom,1,1,0.8031860534410212,0.805830429262181,-0.002644375821159728,KEEP
home,7,bottom,1,2,0.7743155192416395,0.783508384145963,-0.009192864904323472,KEEP
home,7,bottom,2,0,0.9146330359396194,0.9110898103260089,0.0035432256136105345,USE
home,7,bottom,2,1,0.8958455280628299,0.897289046880742,-0.0014435188179120484,KEEP
home,7,bottom,2,2,0.8799764682867395,0.8851049017531073,-0.005128433466367821,KEEP
home,7,bottom,3,0,0.9568459992643497,0.9549441671966573,0.001901832067692344,USE
home,7,bottom,3,1,0.9470108568003653,0.9477642060486426,-7.533492482773019e-4,KEEP
home,7,bottom,3,2,0.93868424972066,0.9414084136888198,-0.0027241639681597762,KEEP
home,7,bottom,4,0,0.9789068232287491,0.9779307338666593,9.760893620898159e-4,USE
home,7,bottom,4,1,0.9739600380510551,0.9743382507878594,-3.7821273680427314e-4,KEEP
home,7,bottom,4,2,0.9697641976257255,0.9711513023985885,-0.0013871047728629682,KEEP
home,7,bottom,5,0,0.9899861107136969,0.9895045639515155,4.8154676218137293e-4,USE
home,7,bottom,5,1,0.9875833877215782,0.9877668300735537,-1.8344235197553793e-4,KEEP
home,7,bottom,5,2,0.9855424467540541,0.9862226540395023,-6.802072854481533e-4,KEEP
home,7,bottom,6,0,0.9953610874153201,0.9951308284203786,2.3025899494155677e-4,USE
home,7,bottom,6,1,0.9942266331936661,0.9943131520882349,-8.651889456878781e-5,KEEP
home,7,bottom,6,2,0.9932618621258897,0.99358555650474,-3.2369437885026997e-4,KEEP
home,7,bottom,7,0,0.9978963718398488,0.9977891194770755,1.0725236277331351e-4,USE
home,7,bottom,7,1,0.9973734258420622,0.9974132709934631,-3.9845151400874634e-5,KEEP
home,7,bottom,7,2,0.996928288090969,0.9970784725443897,-1.5018445342074305e-4,KEEP
home,7,bottom,8,0,0.9990640478986582,0.9990152034481021,4.884445055608477e-5,USE
home,7,bottom,8,1,0.9988278232855405,0.9988458001118927,-1.7976826352184005e-5,KEEP
home,7,bottom,8,2,0.9986266376039128,0.9986948136640199,-6.817606010711685e-5,KEEP
home,7,bottom,9,0,0.9995910984781172,0.9995692875243092,2.1810953808043543e-5,USE
home,7,bottom,9,1,0.999486037392273,0.9994940072628553,-7.9698705822695e-6,KEEP
home,7,bottom,9,2,0.9993965828621881,0.9994269464091899,-3.036354700181043e-5,KEEP
home,7,bottom,10,0,0.9998253245027745,0.9998157337719225,9.590730852049312e-6,USE
home,7,bottom,10,1,0.999778833723355,0.99978231636163994,-3.4826382849795223e-6,KEEP
home,7,bottom,10,2,0.9997392840541538,0.9997525820157562,-1.3297961602432018e-5,KEEP
home,8,bottom,-10,0,8.354388818158318e-4,8.856096621638735e-4,-5.017078034804171e-5,KEEP
home,8,bottom,-10,1,3.4363807427046413e-4,3.69150440579418e-4,-2.551236630895387e-5,KEEP
home,8,bottom,-10,2,1.3505540334369061e-4,1.430995534208559e-4,-8.044150077165288e-6,KEEP
home,8,bottom,-9,0,0.0018822563875693563,0.0019871927403105854,-1.0493635274122916e-4,KEEP
home,8,bottom,-9,1,8.165295612300395e-4,8.740002214454301e-4,-5.747066021539061e-5,KEEP
home,8,bottom,-9,2,3.39232426691248e-4,3.588662888629819e-4,-1.9633862171733875e-5,KEEP
home,8,bottom,-8,0,0.004161126754594195,0.004372704685576888,-2.1157793098269297e-4,KEEP
home,8,bottom,-8,1,0.0019080524982028272,0.0020343415078428475,-1.2628900964002025e-4,KEEP
home,8,bottom,-8,2,8.39368609386633e-4,8.864883342317502e-4,-4.711972484511718e-5,KEEP
home,8,bottom,-7,0,0.009004689719409759,0.009411644271962123,-4.069545525523643e-4,KEEP
home,8,bottom,-7,1,0.004376353597426567,0.004645808385924302,-2.694547884977347e-4,KEEP
home,8,bottom,-7,2,0.00204281319731303,0.0021540432380583296,-1.1123004074529942e-4,KEEP
home,8,bottom,-6,0,0.019016909218118477,0.019751858069542945,-7.349488514244683e-4,KEEP
home,8,bottom,-6,1,0.009827800882753228,0.010383059448356444,-5.552585656032165e-4,KEEP
home,8,bottom,-6,2,0.0048793403529000905,0.005137670738077017,-2.5833038517692614e-4,KEEP
home,8,bottom,-5,0,0.039043383664650995,0.04025516589844856,-0.0012117822337975662,KEEP
home,8,bottom,-5,1,0.02154125887943317,0.02263838761372239,-0.001097128734289219,KEEP
home,8,bottom,-5,2,0.011407422646463487,0.011998967533646487,-5.915448871830001e-4,KEEP
home,8,bottom,-4,0,0.07751846310678322,0.07924980617051969,-0.0017313430637364707,KEEP
home,8,bottom,-4,1,0.045896373242564834,0.04795642434435355,-0.0020600511017887166,KEEP
home,8,bottom,-4,2,0.026023153348664774,0.02736510778505679,-0.0013419544363920156,KEEP
home,8,bottom,-3,0,0.14780966801381368,0.14943595910264004,-0.0016262910888263649,KEEP
home,8,bottom,-3,1,0.09452366809323148,0.09802936786029502,-0.0035056997670635387,KEEP
home,8,bottom,-3,2,0.05769463608288582,0.060662834383491716,-0.0029681983006058996,KEEP
home,8,bottom,-2,0,0.2681100992123739,0.26555379631535564,0.0025563028970182478,USE
home,8,bottom,-2,1,0.18711593367078183,0.19063977416414257,-0.0035238404933607415,KEEP
home,8,bottom,-2,2,0.12431682959450521,0.12967782642611958,-0.0053609968316143675,KEEP
home,8,bottom,-1,0,0.4658878226855855,0.4369633914899396,0.02892443119564586,USE
home,8,bottom,-1,1,0.35275597265726594,0.34195368851833574,0.010802284138930196,USE
home,8,bottom,-1,2,0.25646570513079253,0.2623916122719319,-0.005925907141139386,KEEP
home,8,bottom,0,0,0.7278983183680633,0.6987277009939673,0.029170617374095986,USE
home,8,bottom,0,1,0.6464280454668433,0.6357536989757481,0.010674346491095221,USE
home,8,bottom,0,2,0.5751906492072278,0.5832393248307997,-0.00804867562357181,KEEP
home,8,bottom,1,0,0.9032936218265711,0.8957188997373393,0.007574722089231822,USE
home,8,bottom,1,1,0.8793162191483732,0.8766147852916673,0.0027014338567059593,USE
home,8,bottom,1,2,0.8586338841174999,0.86065857040637594,-0.0020246862888760875,KEEP
home,8,bottom,2,0,0.9562841564812891,0.9527111174840087,0.0035730389972803422,USE
home,8,bottom,2,1,0.9451278414418501,0.9438460148089372,0.0012818266329129857,USE
home,8,bottom,2,2,0.9354862043097989,0.9364382879426703,-9.520836328713589e-4,KEEP
home,8,bottom,3,0,0.980895982542914,0.9792710929997019,0.0016248895432120491,USE
home,8,bottom,3,1,0.9758890175908819,0.975302753052143,5.862645387388898e-4,USE
home,8,bottom,3,2,0.9715540678147464,0.9719856967213745,-4.3162890662806763e-4,KEEP
home,8,bottom,4,0,0.9919216908731691,0.9912101575091941,7.115333639750032e-4,USE
home,8,bottom,4,1,0.9897552285078598,0.9894973876675879,2.578408402719168e-4,USE
home,8,bottom,4,2,0.9878766422477071,0.9880654482259551,-1.8880597824799672e-4,KEEP
home,8,bottom,5,0,0.9966834776682745,0.9963837721300383,2.997055382362168e-4,USE
home,8,bottom,5,1,0.9957787358784819,0.9956697898298278,1.0894604865407942e-4,USE
home,8,bottom,5,2,0.9949933341459899,0.9950727900276121,-7.945588162217021e-5,KEEP
home,8,bottom,6,0,0.9986693835779112,0.9985466655397056,1.22718038205627e-4,USE
home,8,bottom,6,1,0.9983014160801151,0.998256699030857,4.471704925812503e-5,USE
home,8,bottom,6,2,0.9979817048750496,0.9980142184051113,-3.2513530061728524e-5,KEEP
home,8,bottom,7,0,0.999476199719027,0.9994270875844329,4.911213459413144e-5,USE
home,8,bottom,7,1,0.9993297238017679,0.9993117938132664,1.792998850147498e-5,USE
home,8,bottom,7,2,0.999202371165118,0.999215377049399,-1.3005884280992142e-5,KEEP
home,8,bottom,8,0,0.9997970842389526,0.9997777948973147,1.9289341637973578e-5,USE
home,8,bottom,8,1,0.9997397848282499,0.9997327321578048,7.052670445095721e-6,USE
home,8,bottom,8,2,0.9996899453903727,0.9996950519072475,-5.106516874797684e-6,KEEP
home,8,bottom,9,0,0.9999225168999453,0.9999150593037233,7.457596222004703e-6,USE
home,8,bottom,9,1,0.9999003956946657,0.999897666810335,2.728884330727155e-6,USE
home,8,bottom,9,2,0.9998811570143672,0.9998831311836588,-1.9741692915964393e-6,KEEP
home,8,bottom,10,0,0.9999709103369677,0.9999680646628585,2.845674109241969e-6,USE
home,8,bottom,10,1,0.9999624104681597,0.9999613706012688,1.039866890928387e-6,USE
home,8,bottom,10,2,0.9999550237514069,0.9999557768349241,-7.530835172131489e-7,KEEP
home,9,bottom,-10,0,1.8213205429336082e-4,1.9634574385392933e-4,-1.4213689560568511e-5,KEEP
home,9,bottom,-10,1,4.040236510294496e-5,4.494004389099255e-5,-4.537678788047594e-6,KEEP
home,9,bottom,-10,2,4.886598852869123e-6,5.343779196162001e-6,-4.5718034329287773e-7,KEEP
home,9,bottom,-9,0,4.743571030473003e-4,5.101122727734378e-4,-3.5755169726137495e-5,KEEP
home,9,bottom,-9,1,1.1454415556418285e-4,1.2715444141351916e-4,-1.261028584933631e-5,KEEP
home,9,bottom,-9,2,1.5418107155577885e-5,1.686059688468476e-5,-1.442489729106874e-6,KEEP
home,9,bottom,-8,0,0.0012178490368889283,0.001305820877895512,-8.797184100658366e-5,KEEP
home,9,bottom,-8,1,3.22138368493521e-4,3.5674320931016916e-4,-3.460484081664817e-5,KEEP
home,9,bottom,-8,2,4.864690082923403e-5,5.319822285212528e-5,-4.551322022891247e-6,KEEP
home,9,bottom,-7,0,0.003073751842303023,0.0032842375386072237,-2.1048569630420077e-4,KEEP
home,9,bottom,-7,1,8.971713529812763e-4,9.906101986948675e-4,-9.343884571359122e-5,KEEP
home,9,bottom,-7,2,1.5349151003705644e-4,1.6784843950753433e-4,-1.4356929470477888e-5,KEEP
home,9,bottom,-6,0,0.007599605852417035,0.008085348881937163,-4.8574302952012795e-4,KEEP
home,9,bottom,-6,1,0.0024687463554545017,0.002715745533175266,-2.4699917772076424e-4,KEEP
home,9,bottom,-6,2,4.843151196648609e-4,5.296136083628545e-4,-4.5298488697993625e-5,KEEP
home,9,bottom,-5,0,0.018319581250300542,0.01938700418530848,-0.0010674229350079376,KEEP
home,9,bottom,-5,1,0.006690228688453573,0.007324568562651127,-6.34339874197554e-4,KEEP
home,9,bottom,-5,2,0.0015281924388660679,0.001671278853419007,-1.4308641455293902e-4,KEEP
home,9,bottom,-4,0,0.04275099783859768,0.044970009218551224,-0.0022190113799535408,KEEP
home,9,bottom,-4,1,0.017752367221468706,0.01933986587128017,-0.0015874986498114647,KEEP
home,9,bottom,-4,2,0.004807688731140182,0.005283080895217864,-4.753921640776818e-4,KEEP
home,9,bottom,-3,0,0.0957117973963789,0.09976890169639499,-0.004057104300016087,KEEP
home,9,bottom,-3,1,0.045769044626570526,0.04938928148712165,-0.0036202368605511223,KEEP
home,9,bottom,-3,2,0.01504591075617434,0.016449853163638638,-0.0014039424074642985,KEEP
home,9,bottom,-2,0,0.20257709430841775,0.2063533016330093,-0.0037762073245915517,KEEP
home,9,bottom,-2,1,0.11391120906600188,0.11981793084552124,-0.0059067217795193555,KEEP
home,9,bottom,-2,2,0.04709192211017856,0.05098130012573801,-0.0038893780155594485,KEEP
home,9,bottom,-1,0,0.43163869694490936,0.37436843980033446,0.0572702571445749,USE
home,9,bottom,-1,1,0.27473928038785883,0.23565448574337292,0.039084794644485915,USE
home,9,bottom,-1,2,0.13953655404944912,0.10345995760900567,0.03607659644044345,USE
home,9,bottom,0,0,0.7950299849814655,0.7416193685947946,0.053410616386670884,USE
home,9,bottom,0,1,0.6939433816790082,0.6581507031055723,0.03579267857343582,USE
home,9,bottom,0,2,0.6041745074720071,0.5800371212066234,0.024137386265383642,USE
home,9,bottom,1,0,1,1,0,KEEP
home,9,bottom,1,1,1,1,0,KEEP
home,9,bottom,1,2,1,1,0,KEEP
home,9,bottom,2,0,1,1,0,KEEP
home,9,bottom,2,1,1,1,0,KEEP
home,9,bottom,2,2,1,1,0,KEEP
home,9,bottom,3,0,1,1,0,KEEP
home,9,bottom,3,1,1,1,0,KEEP
home,9,bottom,3,2,1,1,0,KEEP
home,9,bottom,4,0,1,1,0,KEEP
home,9,bottom,4,1,1,1,0,KEEP
home,9,bottom,4,2,1,1,0,KEEP
home,9,bottom,5,0,1,1,0,KEEP
home,9,bottom,5,1,1,1,0,KEEP
home,9,bottom,5,2,1,1,0,KEEP
home,9,bottom,6,0,1,1,0,KEEP
home,9,bottom,6,1,1,1,0,KEEP
home,9,bottom,6,2,1,1,0,KEEP
home,9,bottom,7,0,1,1,0,KEEP
home,9,bottom,7,1,1,1,0,KEEP
home,9,bottom,7,2,1,1,0,KEEP
home,9,bottom,8,0,1,1,0,KEEP
home,9,bottom,8,1,1,1,0,KEEP
home,9,bottom,8,2,1,1,0,KEEP
home,9,bottom,9,0,1,1,0,KEEP
home,9,bottom,9,1,1,1,0,KEEP
home,9,bottom,9,2,1,1,0,KEEP
home,9,bottom,10,0,1,1,0,KEEP
home,9,bottom,10,1,1,1,0,KEEP
home,9,bottom,10,2,1,1,0,KEEP
